tid;invoicedate;invoiceduedate;subtotal;shipping;discount;tax;total;pmethod;notes;status;csd;eid;pamnt;items;taxstatus;discstatus;format_discount;refer;television;combo;term;rec;ron;multi
1001;09/01/2020;27/09/2020;61008;0;0;3992;65000;EFECTIVOS ;;due;1;8;0;2;Yes;0;%;Yopal ;Television ;5Megas ;0;no;Activo;0
1010;09/01/2020;27/09/2020;61008;0;0;3992;65000;EFECTIVOS ;;due;10;8;0;2;Yes;0;%;Yopal ;Television ;5Megas ;0;no;Activo;0
1012;09/01/2020;27/09/2020;61008;0;0;3992;0;EFECTIVOS ;;paid;12;8;65000;2;Yes;0;%;Yopal ;Television ;5Megas ;0;no;Activo;0
1014;09/01/2020;27/09/2020;61008;0;0;3992;0;EFECTIVOS ;;paid;14;8;65000;2;Yes;0;%;Yopal ;Television ;5Megas ;0;no;Activo;0
1015;09/01/2020;27/09/2020;61008;0;0;3992;22667;EFECTIVOS ;;due;15;8;42333;2;Yes;0;%;Yopal ;Television ;5Megas ;0;no;Activo;0
1016;09/01/2020;27/09/2020;61008;0;0;3992;84190;EFECTIVOS ;;due;16;8;;3;Yes;0;%;Yopal ;Television ;5Megas ;0;no;Activo;0
1018;09/01/2020;27/09/2020;61008;0;0;3992;65000;EFECTIVOS ;;due;18;8;0;2;Yes;0;%;Yopal ;Television ;5Megas ;0;no;Activo;0
1022;09/01/2020;27/09/2020;55000;0;0;;101129;EFECTIVOS ;;due;22;8;;2;No;0;%;Yopal ;No;5Megas ;0;no;Activo;0
1023;09/01/2020;27/09/2020;61008;0;0;3992;85968;EFECTIVOS ;;due;23;8;;3;Yes;0;%;Yopal ;Television ;5Megas ;0;no;Activo;0
1025;09/01/2020;27/09/2020;61008;0;0;3992;80000;EFECTIVOS ;;due;25;8;;3;Yes;0;%;Yopal ;Television ;5Megas ;0;no;Activo;0
1028;09/01/2020;27/09/2020;61008;0;0;3992;0;EFECTIVOS ;;paid;28;8;65000;2;Yes;0;%;Yopal ;Television ;5Megas ;0;no;Activo;0
1029;09/01/2020;27/09/2020;61008;0;0;3992;0;EFECTIVOS ;;paid;29;8;65000;2;Yes;0;%;Yopal ;Television ;5Megas ;0;no;Activo;0
1034;09/01/2020;27/09/2020;61008;0;0;3992;30000;EFECTIVOS ;;due;34;8;35000;2;Yes;0;%;Yopal ;Television ;5Megas ;0;no;Activo;0
1038;09/01/2020;27/09/2020;66008;0;0;3992;70000;EFECTIVOS ;;due;38;8;0;2;yes;0;%;Yopal ;Television ;5Megas ;0;no;Activo;0
1039;09/01/2020;27/09/2020;61008;0;0;3992;0;EFECTIVOS ;;paid;39;8;65000;2;Yes;0;%;Yopal ;Television ;5Megas ;0;no;Activo;0
1040;09/01/2020;27/09/2020;61008;0;0;3992;65000;EFECTIVOS ;;due;40;8;0;2;Yes;0;%;Yopal ;Television ;5Megas ;0;no;Activo;0
1042;09/01/2020;27/09/2020;61008;0;0;3992;65000;EFECTIVOS ;;due;42;8;0;2;Yes;0;%;Yopal ;Television ;5Megas ;0;no;Activo;0
1043;09/01/2020;27/09/2020;61008;0;0;3992;0;EFECTIVOS ;;paid;43;8;65000;2;Yes;0;%;Yopal ;Television ;5Megas ;0;no;Activo;0
1050;09/01/2020;27/09/2020;61008;0;0;3992;0;EFECTIVOS ;;paid;50;8;65000;2;Yes;0;%;Yopal ;Television ;5Megas ;0;no;Activo;0
1051;09/01/2020;27/09/2020;61008;0;0;3992;-13822;EFECTIVOS ;;due;51;8;78822;2;Yes;0;%;Yopal ;Television ;5Megas ;0;no;Activo;0
1060;09/01/2020;27/09/2020;61008;0;0;3992;65000;EFECTIVOS ;;due;60;8;0;2;Yes;0;%;Yopal ;Television ;5Megas ;0;no;Activo;0
1061;09/01/2020;27/09/2020;61008;0;0;3992;0;EFECTIVOS ;;paid;61;8;65000;2;Yes;0;%;Yopal ;Television ;5Megas ;0;no;Activo;0
1062;09/01/2020;27/09/2020;61008;0;0;3992;65000;EFECTIVOS ;;due;62;8;0;2;Yes;0;%;Yopal ;Television ;5Megas ;0;no;Activo;0
1063;09/01/2020;27/09/2020;61008;0;0;3992;65000;EFECTIVOS ;;due;63;8;0;2;Yes;0;%;Yopal ;Television ;5Megas ;0;no;Activo;0
1065;09/01/2020;27/09/2020;61008;0;0;3992;65000;EFECTIVOS ;;due;65;8;0;2;Yes;0;%;Yopal ;Television ;5Megas ;0;no;Activo;0
1066;09/01/2020;27/09/2020;61008;0;0;3992;65000;EFECTIVOS ;;due;66;8;0;2;Yes;0;%;Yopal ;Television ;5Megas ;0;no;Activo;0
1075;09/01/2020;27/09/2020;61008;0;0;3992;65000;EFECTIVOS ;;due;75;8;0;2;Yes;0;%;Yopal ;Television ;5Megas ;0;no;Activo;0
1077;09/01/2020;27/09/2020;61008;0;0;3992;65000;EFECTIVOS ;;due;77;8;0;2;Yes;0;%;Yopal ;Television ;5Megas ;0;no;Activo;0
1087;09/01/2020;27/09/2020;61008;0;0;3992;62333;EFECTIVOS ;;due;87;8;2667;2;Yes;0;%;Yopal ;Television ;5Megas ;0;no;Activo;0
1088;09/01/2020;27/09/2020;61008;0;0;3992;65000;EFECTIVOS ;;due;88;8;0;2;Yes;0;%;Yopal ;Television ;5Megas ;0;no;Activo;0
1089;09/01/2020;27/09/2020;61008;0;0;3992;65000;EFECTIVOS ;;due;89;8;0;2;Yes;0;%;Yopal ;Television ;5Megas ;0;no;Activo;0
1090;09/01/2020;27/09/2020;61008;0;0;3992;65000;EFECTIVOS ;;due;90;8;0;2;Yes;0;%;Yopal ;Television ;5Megas ;0;no;Activo;0
1096;09/01/2020;27/09/2020;61008;0;0;3992;65000;EFECTIVOS ;;due;96;8;0;2;Yes;0;%;Yopal ;Television ;5Megas ;0;no;Activo;0
1098;09/01/2020;27/09/2020;61008;0;0;3992;65000;EFECTIVOS ;;due;98;8;0;2;Yes;0;%;Yopal ;Television ;5Megas ;0;no;Activo;0
1102;09/01/2020;27/09/2020;61008;0;0;3992;65000;EFECTIVOS ;;due;102;8;0;2;Yes;0;%;Yopal ;Television ;5Megas ;0;no;Activo;0
1106;09/01/2020;27/09/2020;61008;0;0;3992;65000;EFECTIVOS ;;due;106;8;0;2;Yes;0;%;Yopal ;Television ;5Megas ;0;no;Activo;0
1112;09/01/2020;27/09/2020;61008;0;0;3992;43333;EFECTIVOS ;;due;112;8;21667;2;Yes;0;%;Yopal ;Television ;5Megas ;0;no;Activo;0
1115;09/01/2020;27/09/2020;61008;0;0;3992;0;EFECTIVOS ;;paid;115;8;65000;2;Yes;0;%;Yopal ;Television ;5Megas ;0;no;Activo;0
1116;09/01/2020;27/09/2020;61008;0;0;3992;45430;EFECTIVOS ;;due;116;8;19570;2;Yes;0;%;Yopal ;Television ;5Megas ;0;no;Activo;0
1120;09/01/2020;27/09/2020;61008;0;0;3992;65000;EFECTIVOS ;;due;120;8;0;2;Yes;0;%;Yopal ;Television ;5Megas ;0;no;Activo;0
1126;09/01/2020;27/09/2020;61008;0;0;3992;130000;EFECTIVOS ;;due;126;8;;3;Yes;0;%;Yopal ;Television ;5Megas ;0;no;Activo;0
1134;09/01/2020;27/09/2020;61008;0;0;3992;65000;EFECTIVOS ;;due;134;8;0;2;Yes;0;%;Yopal ;Television ;5Megas ;0;no;Activo;0
1135;09/01/2020;27/09/2020;61008;0;0;3992;65000;EFECTIVOS ;;due;135;8;0;2;Yes;0;%;Yopal ;Television ;5Megas ;0;no;Activo;0
1138;09/01/2020;27/09/2020;61008;0;0;3992;0;EFECTIVOS ;;paid;138;8;65000;2;Yes;0;%;Yopal ;Television ;5Megas ;0;no;Activo;0
1157;09/01/2020;27/09/2020;61008;0;0;3992;65000;EFECTIVOS ;;due;157;8;0;2;Yes;0;%;Yopal ;Television ;5Megas ;0;no;Activo;0
1158;09/01/2020;27/09/2020;61008;0;0;3992;65000;EFECTIVOS ;;due;158;8;0;2;Yes;0;%;Yopal ;Television ;5Megas ;0;no;Activo;0
1160;09/01/2020;27/09/2020;61008;0;0;3992;65000;EFECTIVOS ;;due;160;8;0;2;Yes;0;%;Yopal ;Television ;5Megas ;0;no;Activo;0
1172;09/01/2020;27/09/2020;61008;0;0;3992;65000;EFECTIVOS ;;due;172;8;0;2;Yes;0;%;Yopal ;Television ;5Megas ;0;no;Activo;0
1178;09/01/2020;27/09/2020;61008;0;0;3992;98215;EFECTIVOS ;;due;178;8;;3;Yes;0;%;Yopal ;Television ;5Megas ;0;no;Activo;0
1185;09/01/2020;27/09/2020;61008;0;0;3992;67000;EFECTIVOS ;;due;185;8;;3;Yes;0;%;Yopal ;Television ;5Megas ;0;no;Activo;0
1192;09/01/2020;27/09/2020;61008;0;0;3992;65000;EFECTIVOS ;;due;192;8;0;2;Yes;0;%;Yopal ;Television ;5Megas ;0;no;Activo;0
1197;09/01/2020;27/09/2020;61008;0;0;3992;65000;EFECTIVOS ;;due;197;8;0;2;Yes;0;%;Yopal ;Television ;5Megas ;0;no;Activo;0
1198;09/01/2020;27/09/2020;61008;0;0;3992;65000;EFECTIVOS ;;due;198;8;0;2;Yes;0;%;Yopal ;Television ;5Megas ;0;no;Activo;0
1202;09/01/2020;27/09/2020;61008;0;0;3992;65000;EFECTIVOS ;;due;202;8;0;2;Yes;0;%;Yopal ;Television ;5Megas ;0;no;Activo;0
1203;09/01/2020;27/09/2020;61008;0;0;3992;65000;EFECTIVOS ;;due;203;8;0;2;Yes;0;%;Yopal ;Television ;5Megas ;0;no;Activo;0
1205;09/01/2020;27/09/2020;61008;0;0;3992;65000;EFECTIVOS ;;due;205;8;0;2;Yes;0;%;Yopal ;Television ;5Megas ;0;no;Activo;0
1207;09/01/2020;27/09/2020;61008;0;0;3992;65000;EFECTIVOS ;;due;207;8;0;2;Yes;0;%;Yopal ;Television ;5Megas ;0;no;Activo;0
1215;09/01/2020;27/09/2020;61008;0;0;3992;0;EFECTIVOS ;;paid;215;8;65000;2;Yes;0;%;Yopal ;Television ;5Megas ;0;no;Activo;0
1217;09/01/2020;27/09/2020;61008;0;0;3992;0;EFECTIVOS ;;paid;217;8;65000;2;Yes;0;%;Yopal ;Television ;5Megas ;0;no;Activo;0
1223;09/01/2020;27/09/2020;61008;0;0;3992;70329;EFECTIVOS ;;due;223;8;;3;Yes;0;%;Yopal ;Television ;5Megas ;0;no;Activo;0
1228;09/01/2020;27/09/2020;61008;0;0;3992;65000;EFECTIVOS ;;due;228;8;0;2;Yes;0;%;Yopal ;Television ;5Megas ;0;no;Activo;0
1233;09/01/2020;27/09/2020;61008;0;0;3992;65000;EFECTIVOS ;;due;233;8;0;2;Yes;0;%;Yopal ;Television ;5Megas ;0;no;Activo;0
1237;09/01/2020;27/09/2020;61008;0;0;3992;65000;EFECTIVOS ;;due;237;8;0;2;Yes;0;%;Yopal ;Television ;5Megas ;0;no;Activo;0
1238;09/01/2020;27/09/2020;61008;0;0;3992;103313;EFECTIVOS ;;due;238;8;;3;Yes;0;%;Yopal ;Television ;5Megas ;0;no;Activo;0
1241;09/01/2020;27/09/2020;61008;0;0;3992;65000;EFECTIVOS ;;due;241;8;0;2;Yes;0;%;Yopal ;Television ;5Megas ;0;no;Activo;0
1242;09/01/2020;27/09/2020;61008;0;0;3992;30000;EFECTIVOS ;;due;242;8;35000;2;Yes;0;%;Yopal ;Television ;5Megas ;0;no;Activo;0
1243;09/01/2020;27/09/2020;61008;0;0;3992;65000;EFECTIVOS ;;due;243;8;0;2;Yes;0;%;Yopal ;Television ;5Megas ;0;no;Activo;0
1245;09/01/2020;27/09/2020;61008;0;0;3992;65000;EFECTIVOS ;;due;245;8;0;2;Yes;0;%;Yopal ;Television ;5Megas ;0;no;Activo;0
1248;09/01/2020;27/09/2020;61008;0;0;3992;65000;EFECTIVOS ;;due;248;8;0;2;Yes;0;%;Yopal ;Television ;5Megas ;0;no;Activo;0
1251;09/01/2020;27/09/2020;61008;0;0;3992;65000;EFECTIVOS ;;due;251;8;0;2;Yes;0;%;Yopal ;Television ;5Megas ;0;no;Activo;0
1252;09/01/2020;27/09/2020;61008;0;0;3992;65000;EFECTIVOS ;;due;252;8;0;2;Yes;0;%;Yopal ;Television ;5Megas ;0;no;Activo;0
1255;09/01/2020;27/09/2020;61008;0;0;3992;65000;EFECTIVOS ;;due;255;8;0;2;Yes;0;%;Yopal ;Television ;5Megas ;0;no;Activo;0
1258;09/01/2020;27/09/2020;61008;0;0;3992;0;EFECTIVOS ;;paid;258;8;65000;2;Yes;0;%;Yopal ;Television ;5Megas ;0;no;Activo;0
1260;09/01/2020;27/09/2020;61008;0;0;3992;65000;EFECTIVOS ;;due;260;8;0;2;Yes;0;%;Yopal ;Television ;5Megas ;0;no;Activo;0
1261;09/01/2020;27/09/2020;61008;0;0;3992;65000;EFECTIVOS ;;due;261;8;0;2;Yes;0;%;Yopal ;Television ;5Megas ;0;no;Activo;0
1262;09/01/2020;27/09/2020;61008;0;0;3992;65000;EFECTIVOS ;;due;262;8;0;2;Yes;0;%;Yopal ;Television ;5Megas ;0;no;Activo;0
1264;09/01/2020;27/09/2020;55000;0;0;;0;EFECTIVOS ;;paid;264;8;55000;1;No;0;%;Yopal ;No;5Megas ;0;no;Activo;0
1266;09/01/2020;27/09/2020;61008;0;0;3992;65000;EFECTIVOS ;;due;266;8;0;2;Yes;0;%;Yopal ;Television ;5Megas ;0;no;Activo;0
1267;09/01/2020;27/09/2020;61008;0;0;3992;65000;EFECTIVOS ;;due;267;8;0;2;Yes;0;%;Yopal ;Television ;5Megas ;0;no;Activo;0
1270;09/01/2020;27/09/2020;61008;0;0;3992;65000;EFECTIVOS ;;due;270;8;0;2;Yes;0;%;Yopal ;Television ;5Megas ;0;no;Activo;0
1272;09/01/2020;27/09/2020;61008;0;0;3992;65000;EFECTIVOS ;;due;272;8;0;2;Yes;0;%;Yopal ;Television ;5Megas ;0;no;Activo;0
1273;09/01/2020;27/09/2020;61008;0;0;3992;0;EFECTIVOS ;;paid;273;8;65000;2;Yes;0;%;Yopal ;Television ;5Megas ;0;no;Activo;0
1285;09/01/2020;27/09/2020;61008;0;0;3992;65000;EFECTIVOS ;;due;285;8;0;2;Yes;0;%;Yopal ;Television ;5Megas ;0;no;Activo;0
1290;09/01/2020;27/09/2020;61008;0;0;3992;65000;EFECTIVOS ;;due;290;8;0;2;Yes;0;%;Yopal ;Television ;5Megas ;0;no;Activo;0
1291;09/01/2020;27/09/2020;55000;0;0;;55000;EFECTIVOS ;;due;291;8;0;1;No;0;%;Yopal ;No;5Megas ;0;no;Activo;0
1292;09/01/2020;27/09/2020;61008;0;0;3992;65000;EFECTIVOS ;;due;292;8;0;2;Yes;0;%;Yopal ;Television ;5Megas ;0;no;Activo;0
1298;09/01/2020;27/09/2020;55000;0;0;;74516;EFECTIVOS ;;due;298;8;;2;No;0;%;Yopal ;No;5Megas ;0;no;Activo;0
1302;09/01/2020;27/09/2020;55000;0;0;;55000;EFECTIVOS ;;due;302;8;0;1;No;0;%;Yopal ;No;5Megas ;0;no;Activo;0
1303;09/01/2020;27/09/2020;61008;0;0;3992;65000;EFECTIVOS ;;due;303;8;0;2;Yes;0;%;Yopal ;Television ;5Megas ;0;no;Activo;0
1304;09/01/2020;27/09/2020;61008;0;0;3992;65000;EFECTIVOS ;;due;304;8;0;2;Yes;0;%;Yopal ;Television ;5Megas ;0;no;Activo;0
1306;09/01/2020;27/09/2020;61008;0;0;3992;65000;EFECTIVOS ;;due;306;8;0;2;Yes;0;%;Yopal ;Television ;5Megas ;0;no;Activo;0
1311;09/01/2020;27/09/2020;61008;0;0;3992;65000;EFECTIVOS ;;due;311;8;0;2;Yes;0;%;Yopal ;Television ;5Megas ;0;no;Activo;0
1315;09/01/2020;27/09/2020;55000;0;0;;0;EFECTIVOS ;;paid;315;8;55000;1;No;0;%;Yopal ;No;5Megas ;0;no;Activo;0
1317;09/01/2020;27/09/2020;61008;0;0;3992;62833;EFECTIVOS ;;due;317;8;2167;2;Yes;0;%;Yopal ;Television ;5Megas ;0;no;Activo;0
1320;09/01/2020;27/09/2020;61008;0;0;3992;65000;EFECTIVOS ;;due;320;8;0;2;Yes;0;%;Yopal ;Television ;5Megas ;0;no;Activo;0
1322;09/01/2020;27/09/2020;61008;0;0;3992;65000;EFECTIVOS ;;due;322;8;0;2;Yes;0;%;Yopal ;Television ;5Megas ;0;no;Activo;0
1324;09/01/2020;27/09/2020;55000;0;0;;55000;EFECTIVOS ;;due;324;8;0;1;No;0;%;Yopal ;No;5Megas ;0;no;Activo;0
1327;09/01/2020;27/09/2020;61008;0;0;3992;65000;EFECTIVOS ;;due;327;8;0;2;Yes;0;%;Yopal ;Television ;5Megas ;0;no;Activo;0
1329;09/01/2020;27/09/2020;61008;0;0;3992;65000;EFECTIVOS ;;due;329;8;0;2;Yes;0;%;Yopal ;Television ;5Megas ;0;no;Activo;0
1331;09/01/2020;27/09/2020;61008;0;0;3992;65000;EFECTIVOS ;;due;331;8;0;2;Yes;0;%;Yopal ;Television ;5Megas ;0;no;Activo;0
1337;09/01/2020;27/09/2020;61008;0;0;3992;65000;EFECTIVOS ;;due;337;8;0;2;Yes;0;%;Yopal ;Television ;5Megas ;0;no;Activo;0
1340;09/01/2020;27/09/2020;61008;0;0;3992;65000;EFECTIVOS ;;due;340;8;0;2;Yes;0;%;Yopal ;Television ;5Megas ;0;no;Activo;0
1345;09/01/2020;27/09/2020;61008;0;0;3992;65000;EFECTIVOS ;;due;345;8;0;2;Yes;0;%;Yopal ;Television ;5Megas ;0;no;Activo;0
1346;09/01/2020;27/09/2020;61008;0;0;3992;65000;EFECTIVOS ;;due;346;8;0;2;Yes;0;%;Yopal ;Television ;5Megas ;0;no;Activo;0
1348;09/01/2020;27/09/2020;61008;0;0;3992;65000;EFECTIVOS ;;due;348;8;0;2;Yes;0;%;Yopal ;Television ;5Megas ;0;no;Activo;0
1350;09/01/2020;27/09/2020;61008;0;0;3992;22667;EFECTIVOS ;;due;350;8;42333;2;Yes;0;%;Yopal ;Television ;5Megas ;0;no;Activo;0
1351;09/01/2020;27/09/2020;61008;0;0;3992;65000;EFECTIVOS ;;due;351;8;0;2;Yes;0;%;Yopal ;Television ;5Megas ;0;no;Activo;0
1352;09/01/2020;27/09/2020;55000;0;0;;0;EFECTIVOS ;;paid;352;8;55000;1;No;0;%;Yopal ;No;5Megas ;0;no;Activo;0
1354;09/01/2020;27/09/2020;61008;0;0;3992;65000;EFECTIVOS ;;due;354;8;0;2;Yes;0;%;Yopal ;Television ;5Megas ;0;no;Activo;0
1355;09/01/2020;27/09/2020;61008;0;0;3992;65000;EFECTIVOS ;;due;355;8;0;2;Yes;0;%;Yopal ;Television ;5Megas ;0;no;Activo;0
1358;09/01/2020;27/09/2020;61008;0;0;3992;65000;EFECTIVOS ;;due;358;8;0;2;Yes;0;%;Yopal ;Television ;5Megas ;0;no;Activo;0
1359;09/01/2020;27/09/2020;61008;0;0;3992;65000;EFECTIVOS ;;due;359;8;0;2;Yes;0;%;Yopal ;Television ;5Megas ;0;no;Activo;0
1362;09/01/2020;27/09/2020;55000;0;0;;59500;EFECTIVOS ;;due;362;8;;2;No;0;%;Yopal ;No;5Megas ;0;no;Activo;0
1364;09/01/2020;27/09/2020;61008;0;0;3992;65000;EFECTIVOS ;;due;364;8;0;2;Yes;0;%;Yopal ;Television ;5Megas ;0;no;Activo;0
1366;09/01/2020;27/09/2020;61008;0;0;3992;65000;EFECTIVOS ;;due;366;8;0;2;Yes;0;%;Yopal ;Television ;5Megas ;0;no;Activo;0
1367;09/01/2020;27/09/2020;61008;0;0;3992;65000;EFECTIVOS ;;due;367;8;0;2;Yes;0;%;Yopal ;Television ;5Megas ;0;no;Activo;0
1369;09/01/2020;27/09/2020;61008;0;0;3992;65000;EFECTIVOS ;;due;369;8;0;2;Yes;0;%;Yopal ;Television ;5Megas ;0;no;Activo;0
1372;09/01/2020;27/09/2020;61008;0;0;3992;65000;EFECTIVOS ;;due;372;8;0;2;Yes;0;%;Yopal ;Television ;5Megas ;0;no;Activo;0
1373;09/01/2020;27/09/2020;61008;0;0;3992;65000;EFECTIVOS ;;due;373;8;0;2;Yes;0;%;Yopal ;Television ;5Megas ;0;no;Activo;0
1375;09/01/2020;27/09/2020;61008;0;0;3992;65000;EFECTIVOS ;;due;375;8;0;2;Yes;0;%;Yopal ;Television ;5Megas ;0;no;Activo;0
1380;09/01/2020;27/09/2020;61008;0;0;3992;65000;EFECTIVOS ;;due;380;8;0;2;Yes;0;%;Yopal ;Television ;5Megas ;0;no;Activo;0
1382;09/01/2020;27/09/2020;55000;0;0;;55000;EFECTIVOS ;;due;382;8;0;1;No;0;%;Yopal ;No;5Megas ;0;no;Activo;0
1384;09/01/2020;27/09/2020;61008;0;0;3992;0;EFECTIVOS ;;paid;384;8;65000;2;Yes;0;%;Yopal ;Television ;5Megas ;0;no;Activo;0
1387;09/01/2020;27/09/2020;61008;0;0;3992;65000;EFECTIVOS ;;due;387;8;0;2;Yes;0;%;Yopal ;Television ;5Megas ;0;no;Activo;0
1391;09/01/2020;27/09/2020;55000;0;0;;0;EFECTIVOS ;;paid;391;8;55000;1;No;0;%;Yopal ;No;5Megas ;0;no;Activo;0
1394;09/01/2020;27/09/2020;61008;0;0;3992;65000;EFECTIVOS ;;due;394;8;0;2;Yes;0;%;Yopal ;Television ;5Megas ;0;no;Activo;0
1395;09/01/2020;27/09/2020;55000;0;0;;55000;EFECTIVOS ;;due;395;8;0;1;No;0;%;Yopal ;No;5Megas ;0;no;Activo;0
1406;09/01/2020;27/09/2020;61008;0;0;3992;65000;EFECTIVOS ;;due;406;8;0;2;Yes;0;%;Yopal ;Television ;5Megas ;0;no;Activo;0
1410;09/01/2020;27/09/2020;61008;0;0;3992;65000;EFECTIVOS ;;due;410;8;0;2;Yes;0;%;Yopal ;Television ;5Megas ;0;no;Activo;0
1411;09/01/2020;27/09/2020;61008;0;0;3992;65000;EFECTIVOS ;;due;411;8;0;2;Yes;0;%;Yopal ;Television ;5Megas ;0;no;Activo;0
1413;09/01/2020;27/09/2020;55000;0;0;;55000;EFECTIVOS ;;due;413;8;0;1;No;0;%;Yopal ;No;5Megas ;0;no;Activo;0
1416;09/01/2020;27/09/2020;61008;0;0;3992;65000;EFECTIVOS ;;due;416;8;0;2;Yes;0;%;Yopal ;Television ;5Megas ;0;no;Activo;0
1418;09/01/2020;27/09/2020;61008;0;0;3992;65000;EFECTIVOS ;;due;418;8;0;2;Yes;0;%;Yopal ;Television ;5Megas ;0;no;Activo;0
1419;09/01/2020;27/09/2020;55000;0;0;;55000;EFECTIVOS ;;due;419;8;0;1;No;0;%;Yopal ;No;5Megas ;0;no;Activo;0
1420;09/01/2020;27/09/2020;55000;0;0;;55000;EFECTIVOS ;;due;420;8;0;1;No;0;%;Yopal ;No;5Megas ;0;no;Activo;0
1430;09/01/2020;27/09/2020;61008;0;0;3992;0;EFECTIVOS ;;paid;430;8;65000;2;Yes;0;%;Yopal ;Television ;5Megas ;0;no;Activo;0
1432;09/01/2020;27/09/2020;61008;0;0;3992;65000;EFECTIVOS ;;due;432;8;0;2;Yes;0;%;Yopal ;Television ;5Megas ;0;no;Activo;0
1436;09/01/2020;27/09/2020;61008;0;0;3992;65000;EFECTIVOS ;;due;436;8;0;2;Yes;0;%;Yopal ;Television ;5Megas ;0;no;Activo;0
1437;09/01/2020;27/09/2020;61008;0;0;3992;65000;EFECTIVOS ;;due;437;8;0;2;Yes;0;%;Yopal ;Television ;5Megas ;0;no;Activo;0
1444;09/01/2020;27/09/2020;61008;0;0;3992;65000;EFECTIVOS ;;due;444;8;0;2;Yes;0;%;Yopal ;Television ;5Megas ;0;no;Activo;0
1450;09/01/2020;27/09/2020;61008;0;0;3992;65000;EFECTIVOS ;;due;450;8;0;2;Yes;0;%;Yopal ;Television ;5Megas ;0;no;Activo;0
1451;09/01/2020;27/09/2020;61008;0;0;3992;65000;EFECTIVOS ;;due;451;8;0;2;Yes;0;%;Yopal ;Television ;5Megas ;0;no;Activo;0
1452;09/01/2020;27/09/2020;61008;0;0;3992;65000;EFECTIVOS ;;due;452;8;0;2;Yes;0;%;Yopal ;Television ;5Megas ;0;no;Activo;0
1458;09/01/2020;27/09/2020;61008;0;0;3992;127774;EFECTIVOS ;;due;458;8;;3;Yes;0;%;Yopal ;Television ;5Megas ;0;no;Activo;0
1459;09/01/2020;27/09/2020;61008;0;0;3992;65000;EFECTIVOS ;;due;459;8;0;2;Yes;0;%;Yopal ;Television ;5Megas ;0;no;Activo;0
1460;09/01/2020;27/09/2020;61008;0;0;3992;65000;EFECTIVOS ;;due;460;8;0;2;Yes;0;%;Yopal ;Television ;5Megas ;0;no;Activo;0
1462;09/01/2020;27/09/2020;61008;0;0;3992;66500;EFECTIVOS ;;due;462;8;;3;Yes;0;%;Yopal ;Television ;5Megas ;0;no;Activo;0
1463;09/01/2020;27/09/2020;61008;0;0;3992;65000;EFECTIVOS ;;due;463;8;0;2;Yes;0;%;Yopal ;Television ;5Megas ;0;no;Activo;0
1464;09/01/2020;27/09/2020;61008;0;0;3992;0;EFECTIVOS ;;paid;464;8;65000;2;Yes;0;%;Yopal ;Television ;5Megas ;0;no;Activo;0
1465;09/01/2020;27/09/2020;61008;0;0;3992;65000;EFECTIVOS ;;due;465;8;0;2;Yes;0;%;Yopal ;Television ;5Megas ;0;no;Activo;0
1469;09/01/2020;27/09/2020;61008;0;0;3992;65000;EFECTIVOS ;;due;469;8;0;2;Yes;0;%;Yopal ;Television ;5Megas ;0;no;Activo;0
1470;09/01/2020;27/09/2020;61008;0;0;3992;65000;EFECTIVOS ;;due;470;8;0;2;Yes;0;%;Yopal ;Television ;5Megas ;0;no;Activo;0
1473;09/01/2020;27/09/2020;61008;0;0;3992;65000;EFECTIVOS ;;due;473;8;0;2;Yes;0;%;Yopal ;Television ;5Megas ;0;no;Activo;0
1475;09/01/2020;27/09/2020;61008;0;0;3992;65000;EFECTIVOS ;;due;475;8;0;2;Yes;0;%;Yopal ;Television ;5Megas ;0;no;Activo;0
1476;09/01/2020;27/09/2020;61008;0;0;3992;65000;EFECTIVOS ;;due;476;8;0;2;Yes;0;%;Yopal ;Television ;5Megas ;0;no;Activo;0
1477;09/01/2020;27/09/2020;61008;0;0;3992;64667;EFECTIVOS ;;due;477;8;333;2;Yes;0;%;Yopal ;Television ;5Megas ;0;no;Activo;0
1479;09/01/2020;27/09/2020;61008;0;0;3992;65000;EFECTIVOS ;;due;479;8;0;2;Yes;0;%;Yopal ;Television ;5Megas ;0;no;Activo;0
1480;09/01/2020;27/09/2020;61008;0;0;3992;129333;EFECTIVOS ;;due;480;8;;3;Yes;0;%;Yopal ;Television ;5Megas ;0;no;Activo;0
1483;09/01/2020;27/09/2020;61008;0;0;3992;65000;EFECTIVOS ;;due;483;8;0;2;Yes;0;%;Yopal ;Television ;5Megas ;0;no;Activo;0
1486;09/01/2020;27/09/2020;61008;0;0;3992;65000;EFECTIVOS ;;due;486;8;0;2;Yes;0;%;Yopal ;Television ;5Megas ;0;no;Activo;0
1489;09/01/2020;27/09/2020;61008;0;0;3992;65000;EFECTIVOS ;;due;489;8;0;2;Yes;0;%;Yopal ;Television ;5Megas ;0;no;Activo;0
1490;09/01/2020;27/09/2020;61008;0;0;3992;0;EFECTIVOS ;;paid;490;8;65000;2;Yes;0;%;Yopal ;Television ;5Megas ;0;no;Activo;0
1495;09/01/2020;27/09/2020;61008;0;0;3992;104667;EFECTIVOS ;;due;495;8;;3;Yes;0;%;Yopal ;Television ;5Megas ;0;no;Activo;0
1496;09/01/2020;27/09/2020;61008;0;0;3992;43065;EFECTIVOS ;;due;496;8;21935;2;Yes;0;%;Yopal ;Television ;5Megas ;0;no;Activo;0
1501;09/01/2020;27/09/2020;61008;0;0;3992;96022;EFECTIVOS ;;due;501;8;;3;Yes;0;%;Yopal ;Television ;5Megas ;0;no;Activo;0
1502;09/01/2020;27/09/2020;61008;0;0;3992;65000;EFECTIVOS ;;due;502;8;0;2;Yes;0;%;Yopal ;Television ;5Megas ;0;no;Activo;0
1508;09/01/2020;27/09/2020;61008;0;0;3992;54333;EFECTIVOS ;;due;508;8;10667;2;Yes;0;%;Yopal ;Television ;5Megas ;0;no;Activo;0
1509;09/01/2020;27/09/2020;61008;0;0;3992;65000;EFECTIVOS ;;due;509;8;0;2;Yes;0;%;Yopal ;Television ;5Megas ;0;no;Activo;0
1514;09/01/2020;27/09/2020;61008;0;0;3992;65000;EFECTIVOS ;;due;514;8;0;2;Yes;0;%;Yopal ;Television ;5Megas ;0;no;Activo;0
1517;09/01/2020;27/09/2020;61008;0;0;3992;34667;EFECTIVOS ;;due;517;8;30333;2;Yes;0;%;Yopal ;Television ;5Megas ;0;no;Activo;0
1519;09/01/2020;27/09/2020;61008;0;0;3992;65000;EFECTIVOS ;;due;519;8;0;2;Yes;0;%;Yopal ;Television ;5Megas ;0;no;Activo;0
1522;09/01/2020;27/09/2020;61008;0;0;3992;105054;EFECTIVOS ;;due;522;8;;3;Yes;0;%;Yopal ;Television ;5Megas ;0;no;Activo;0
1523;09/01/2020;27/09/2020;61008;0;0;3992;65000;EFECTIVOS ;;due;523;8;0;2;Yes;0;%;Yopal ;Television ;5Megas ;0;no;Activo;0
1527;09/01/2020;27/09/2020;61008;0;0;3992;0;EFECTIVOS ;;paid;527;8;65000;2;Yes;0;%;Yopal ;Television ;5Megas ;0;no;Activo;0
1528;09/01/2020;27/09/2020;61008;0;0;3992;65000;EFECTIVOS ;;due;528;8;0;2;Yes;0;%;Yopal ;Television ;5Megas ;0;no;Activo;0
1529;09/01/2020;27/09/2020;61008;0;0;3992;65000;EFECTIVOS ;;due;529;8;0;2;Yes;0;%;Yopal ;Television ;5Megas ;0;no;Activo;0
1532;09/01/2020;27/09/2020;61008;0;0;3992;65000;EFECTIVOS ;;due;532;8;0;2;Yes;0;%;Yopal ;Television ;5Megas ;0;no;Activo;0
1533;09/01/2020;27/09/2020;61008;0;0;3992;65000;EFECTIVOS ;;due;533;8;0;2;Yes;0;%;Yopal ;Television ;5Megas ;0;no;Activo;0
1534;09/01/2020;27/09/2020;61008;0;0;3992;65000;EFECTIVOS ;;due;534;8;0;2;Yes;0;%;Yopal ;Television ;5Megas ;0;no;Activo;0
1536;09/01/2020;27/09/2020;61008;0;0;3992;65000;EFECTIVOS ;;due;536;8;0;2;Yes;0;%;Yopal ;Television ;5Megas ;0;no;Activo;0
1540;09/01/2020;27/09/2020;61008;0;0;3992;65000;EFECTIVOS ;;due;540;8;0;2;Yes;0;%;Yopal ;Television ;5Megas ;0;no;Activo;0
1551;09/01/2020;27/09/2020;61008;0;0;3992;65000;EFECTIVOS ;;due;551;8;0;2;Yes;0;%;Yopal ;Television ;5Megas ;0;no;Activo;0
1553;09/01/2020;27/09/2020;61008;0;0;3992;65000;EFECTIVOS ;;due;553;8;0;2;Yes;0;%;Yopal ;Television ;5Megas ;0;no;Activo;0
1554;09/01/2020;27/09/2020;61008;0;0;3992;65000;EFECTIVOS ;;due;554;8;0;2;Yes;0;%;Yopal ;Television ;5Megas ;0;no;Activo;0
1557;09/01/2020;27/09/2020;61008;0;0;3992;65000;EFECTIVOS ;;due;557;8;0;2;Yes;0;%;Yopal ;Television ;5Megas ;0;no;Activo;0
1559;09/01/2020;27/09/2020;61008;0;0;3992;0;EFECTIVOS ;;paid;559;8;65000;2;Yes;0;%;Yopal ;Television ;5Megas ;0;no;Activo;0
1561;09/01/2020;27/09/2020;61008;0;0;3992;77699;EFECTIVOS ;;due;561;8;;3;Yes;0;%;Yopal ;Television ;5Megas ;0;no;Activo;0
1562;09/01/2020;27/09/2020;61008;0;0;3992;65000;EFECTIVOS ;;due;562;8;0;2;Yes;0;%;Yopal ;Television ;5Megas ;0;no;Activo;0
1563;09/01/2020;27/09/2020;61008;0;0;3992;65000;EFECTIVOS ;;due;563;8;0;2;Yes;0;%;Yopal ;Television ;5Megas ;0;no;Activo;0
1565;09/01/2020;27/09/2020;61008;0;0;3992;65000;EFECTIVOS ;;due;565;8;0;2;Yes;0;%;Yopal ;Television ;5Megas ;0;no;Activo;0
1569;09/01/2020;27/09/2020;61008;0;0;3992;65000;EFECTIVOS ;;due;569;8;0;2;Yes;0;%;Yopal ;Television ;5Megas ;0;no;Activo;0
1570;09/01/2020;27/09/2020;61008;0;0;3992;65000;EFECTIVOS ;;due;570;8;0;2;Yes;0;%;Yopal ;Television ;5Megas ;0;no;Activo;0
1572;09/01/2020;27/09/2020;61008;0;0;3992;0;EFECTIVOS ;;paid;572;8;65000;2;Yes;0;%;Yopal ;Television ;5Megas ;0;no;Activo;0
1573;09/01/2020;27/09/2020;61008;0;0;3992;65000;EFECTIVOS ;;due;573;8;0;2;Yes;0;%;Yopal ;Television ;5Megas ;0;no;Activo;0
1574;09/01/2020;27/09/2020;61008;0;0;3992;109355;EFECTIVOS ;;due;574;8;;3;Yes;0;%;Yopal ;Television ;5Megas ;0;no;Activo;0
1575;09/01/2020;27/09/2020;61008;0;0;3992;65000;EFECTIVOS ;;due;575;8;0;2;Yes;0;%;Yopal ;Television ;5Megas ;0;no;Activo;0
1576;09/01/2020;27/09/2020;61008;0;0;3992;65000;EFECTIVOS ;;due;576;8;0;2;Yes;0;%;Yopal ;Television ;5Megas ;0;no;Activo;0
1577;09/01/2020;27/09/2020;61008;0;0;3992;-242;EFECTIVOS ;;due;577;8;65242;2;Yes;0;%;Yopal ;Television ;5Megas ;0;no;Activo;0
1578;09/01/2020;27/09/2020;61008;0;0;3992;65000;EFECTIVOS ;;due;578;8;0;2;Yes;0;%;Yopal ;Television ;5Megas ;0;no;Activo;0
1579;09/01/2020;27/09/2020;61008;0;0;3992;104667;EFECTIVOS ;;due;579;8;;3;Yes;0;%;Yopal ;Television ;5Megas ;0;no;Activo;0
1580;09/01/2020;27/09/2020;61008;0;0;3992;65000;EFECTIVOS ;;due;580;8;0;2;Yes;0;%;Yopal ;Television ;5Megas ;0;no;Activo;0
1581;09/01/2020;27/09/2020;61008;0;0;3992;65000;EFECTIVOS ;;due;581;8;0;2;Yes;0;%;Yopal ;Television ;5Megas ;0;no;Activo;0
1585;09/01/2020;27/09/2020;61008;0;0;3992;65000;EFECTIVOS ;;due;585;8;0;2;Yes;0;%;Yopal ;Television ;5Megas ;0;no;Activo;0
1587;09/01/2020;27/09/2020;61008;0;0;3992;65000;EFECTIVOS ;;due;587;8;0;2;Yes;0;%;Yopal ;Television ;5Megas ;0;no;Activo;0
1589;09/01/2020;27/09/2020;61008;0;0;3992;65000;EFECTIVOS ;;due;589;8;0;2;Yes;0;%;Yopal ;Television ;5Megas ;0;no;Activo;0
1595;09/01/2020;27/09/2020;61008;0;0;3992;65000;EFECTIVOS ;;due;595;8;0;2;Yes;0;%;Yopal ;Television ;5Megas ;0;no;Activo;0
1596;09/01/2020;27/09/2020;61008;0;0;3992;104667;EFECTIVOS ;;due;596;8;;3;Yes;0;%;Yopal ;Television ;5Megas ;0;no;Activo;0
1599;09/01/2020;27/09/2020;61008;0;0;3992;65000;EFECTIVOS ;;due;599;8;0;2;Yes;0;%;Yopal ;Television ;5Megas ;0;no;Activo;0
1600;09/01/2020;27/09/2020;61008;0;0;3992;65000;EFECTIVOS ;;due;600;8;0;2;Yes;0;%;Yopal ;Television ;5Megas ;0;no;Activo;0
1603;09/01/2020;27/09/2020;61008;0;0;3992;126575;EFECTIVOS ;;due;603;8;;3;Yes;0;%;Yopal ;Television ;5Megas ;0;no;Activo;0
1604;09/01/2020;27/09/2020;61008;0;0;3992;61000;EFECTIVOS ;;due;604;8;4000;2;Yes;0;%;Yopal ;Television ;5Megas ;0;no;Activo;0
1605;09/01/2020;27/09/2020;61008;0;0;3992;65000;EFECTIVOS ;;due;605;8;0;2;Yes;0;%;Yopal ;Television ;5Megas ;0;no;Activo;0
1607;09/01/2020;27/09/2020;61008;0;0;3992;65000;EFECTIVOS ;;due;607;8;0;2;Yes;0;%;Yopal ;Television ;5Megas ;0;no;Activo;0
1609;09/01/2020;27/09/2020;61008;0;0;3992;65000;EFECTIVOS ;;due;609;8;0;2;Yes;0;%;Yopal ;Television ;5Megas ;0;no;Activo;0
1610;09/01/2020;27/09/2020;61008;0;0;3992;65000;EFECTIVOS ;;due;610;8;0;2;Yes;0;%;Yopal ;Television ;5Megas ;0;no;Activo;0
1611;09/01/2020;27/09/2020;61008;0;0;3992;65000;EFECTIVOS ;;due;611;8;0;2;Yes;0;%;Yopal ;Television ;5Megas ;0;no;Activo;0
1612;09/01/2020;27/09/2020;61008;0;0;3992;80000;EFECTIVOS ;;due;612;8;;3;Yes;0;%;Yopal ;Television ;5Megas ;0;no;Activo;0
1616;09/01/2020;27/09/2020;61008;0;0;3992;51301;EFECTIVOS ;;due;616;8;13699;2;Yes;0;%;Yopal ;Television ;5Megas ;0;no;Activo;0
1617;09/01/2020;27/09/2020;61008;0;0;3992;65000;EFECTIVOS ;;due;617;8;0;2;Yes;0;%;Yopal ;Television ;5Megas ;0;no;Activo;0
1618;09/01/2020;27/09/2020;61008;0;0;3992;0;EFECTIVOS ;;paid;618;8;65000;2;Yes;0;%;Yopal ;Television ;5Megas ;0;no;Activo;0
1622;09/01/2020;27/09/2020;61008;0;0;3992;65000;EFECTIVOS ;;due;622;8;0;2;Yes;0;%;Yopal ;Television ;5Megas ;0;no;Activo;0
1623;09/01/2020;27/09/2020;61008;0;0;3992;65000;EFECTIVOS ;;due;623;8;0;2;Yes;0;%;Yopal ;Television ;5Megas ;0;no;Activo;0
1624;09/01/2020;27/09/2020;61008;0;0;3992;65000;EFECTIVOS ;;due;624;8;0;2;Yes;0;%;Yopal ;Television ;5Megas ;0;no;Activo;0
1625;09/01/2020;27/09/2020;61008;0;0;3992;65000;EFECTIVOS ;;due;625;8;0;2;Yes;0;%;Yopal ;Television ;5Megas ;0;no;Activo;0
1626;09/01/2020;27/09/2020;61008;0;0;3992;0;EFECTIVOS ;;paid;626;8;65000;2;Yes;0;%;Yopal ;Television ;5Megas ;0;no;Activo;0
1627;09/01/2020;27/09/2020;61008;0;0;3992;65000;EFECTIVOS ;;due;627;8;0;2;Yes;0;%;Yopal ;Television ;5Megas ;0;no;Activo;0
1629;09/01/2020;27/09/2020;61008;0;0;3992;65000;EFECTIVOS ;;due;629;8;0;2;Yes;0;%;Yopal ;Television ;5Megas ;0;no;Activo;0
1630;09/01/2020;27/09/2020;61008;0;0;3992;65000;EFECTIVOS ;;due;630;8;0;2;Yes;0;%;Yopal ;Television ;5Megas ;0;no;Activo;0
1631;09/01/2020;27/09/2020;66008;0;0;3992;70000;EFECTIVOS ;;due;631;8;0;2;yes;0;%;Yopal ;Television ;5Megas ;0;no;Activo;0
1633;09/01/2020;27/09/2020;61008;0;0;3992;65000;EFECTIVOS ;;due;633;8;0;2;Yes;0;%;Yopal ;Television ;5Megas ;0;no;Activo;0
1634;09/01/2020;27/09/2020;61008;0;0;3992;65000;EFECTIVOS ;;due;634;8;0;2;Yes;0;%;Yopal ;Television ;5Megas ;0;no;Activo;0
1635;09/01/2020;27/09/2020;61008;0;0;3992;65000;EFECTIVOS ;;due;635;8;0;2;Yes;0;%;Yopal ;Television ;5Megas ;0;no;Activo;0
1636;09/01/2020;27/09/2020;61008;0;0;3992;65000;EFECTIVOS ;;due;636;8;0;2;Yes;0;%;Yopal ;Television ;5Megas ;0;no;Activo;0
1637;09/01/2020;27/09/2020;61008;0;0;3992;65000;EFECTIVOS ;;due;637;8;0;2;Yes;0;%;Yopal ;Television ;5Megas ;0;no;Activo;0
1638;09/01/2020;27/09/2020;61008;0;0;3992;65000;EFECTIVOS ;;due;638;8;0;2;Yes;0;%;Yopal ;Television ;5Megas ;0;no;Activo;0
1639;09/01/2020;27/09/2020;61008;0;0;3992;119978;EFECTIVOS ;;due;639;8;;3;Yes;0;%;Yopal ;Television ;5Megas ;0;no;Activo;0
1640;09/01/2020;27/09/2020;61008;0;0;3992;62833;EFECTIVOS ;;due;640;8;2167;2;Yes;0;%;Yopal ;Television ;5Megas ;0;no;Activo;0
1641;09/01/2020;27/09/2020;61008;0;0;3992;0;EFECTIVOS ;;paid;641;8;65000;2;Yes;0;%;Yopal ;Television ;5Megas ;0;no;Activo;0
1642;09/01/2020;27/09/2020;61008;0;0;3992;0;EFECTIVOS ;;paid;642;8;65000;2;Yes;0;%;Yopal ;Television ;5Megas ;0;no;Activo;0
1643;09/01/2020;27/09/2020;61008;0;0;3992;65000;EFECTIVOS ;;due;643;8;0;2;Yes;0;%;Yopal ;Television ;5Megas ;0;no;Activo;0
1644;09/01/2020;27/09/2020;61008;0;0;3992;0;EFECTIVOS ;;paid;644;8;65000;2;Yes;0;%;Yopal ;Television ;5Megas ;0;no;Activo;0
1645;09/01/2020;27/09/2020;61008;0;0;3992;0;EFECTIVOS ;;paid;645;8;65000;2;Yes;0;%;Yopal ;Television ;5Megas ;0;no;Activo;0
1646;09/01/2020;27/09/2020;61008;0;0;3992;65000;EFECTIVOS ;;due;646;8;0;2;Yes;0;%;Yopal ;Television ;5Megas ;0;no;Activo;0
1649;09/01/2020;27/09/2020;61008;0;0;3992;65000;EFECTIVOS ;;due;649;8;0;2;Yes;0;%;Yopal ;Television ;5Megas ;0;no;Activo;0
1651;09/01/2020;27/09/2020;61008;0;0;3992;65000;EFECTIVOS ;;due;651;8;0;2;Yes;0;%;Yopal ;Television ;5Megas ;0;no;Activo;0
1652;09/01/2020;27/09/2020;61008;0;0;3992;65000;EFECTIVOS ;;due;652;8;0;2;Yes;0;%;Yopal ;Television ;5Megas ;0;no;Activo;0
1653;09/01/2020;27/09/2020;61008;0;0;3992;65000;EFECTIVOS ;;due;653;8;0;2;Yes;0;%;Yopal ;Television ;5Megas ;0;no;Activo;0
1655;09/01/2020;27/09/2020;61008;0;0;3992;65000;EFECTIVOS ;;due;655;8;0;2;Yes;0;%;Yopal ;Television ;5Megas ;0;no;Activo;0
1657;09/01/2020;27/09/2020;61008;0;0;3992;65000;EFECTIVOS ;;due;657;8;0;2;Yes;0;%;Yopal ;Television ;5Megas ;0;no;Activo;0
1658;09/01/2020;27/09/2020;61008;0;0;3992;65000;EFECTIVOS ;;due;658;8;0;2;Yes;0;%;Yopal ;Television ;5Megas ;0;no;Activo;0
1663;09/01/2020;27/09/2020;61008;0;0;3992;65000;EFECTIVOS ;;due;663;8;0;2;Yes;0;%;Yopal ;Television ;5Megas ;0;no;Activo;0
1664;09/01/2020;27/09/2020;61008;0;0;3992;65000;EFECTIVOS ;;due;664;8;0;2;Yes;0;%;Yopal ;Television ;5Megas ;0;no;Activo;0
1665;09/01/2020;27/09/2020;61008;0;0;3992;73548;EFECTIVOS ;;due;665;8;;3;Yes;0;%;Yopal ;Television ;5Megas ;0;no;Activo;0
1666;09/01/2020;27/09/2020;61008;0;0;3992;65000;EFECTIVOS ;;due;666;8;0;2;Yes;0;%;Yopal ;Television ;5Megas ;0;no;Activo;0
1667;09/01/2020;27/09/2020;61008;0;0;3992;65000;EFECTIVOS ;;due;667;8;0;2;Yes;0;%;Yopal ;Television ;5Megas ;0;no;Activo;0
1668;09/01/2020;27/09/2020;61008;0;0;3992;65000;EFECTIVOS ;;due;668;8;0;2;Yes;0;%;Yopal ;Television ;5Megas ;0;no;Activo;0
1669;09/01/2020;27/09/2020;61008;0;0;3992;0;EFECTIVOS ;;paid;669;8;65000;2;Yes;0;%;Yopal ;Television ;5Megas ;0;no;Activo;0
1670;09/01/2020;27/09/2020;61008;0;0;3992;80000;EFECTIVOS ;;due;670;8;;3;Yes;0;%;Yopal ;Television ;5Megas ;0;no;Activo;0
1671;09/01/2020;27/09/2020;61008;0;0;3992;65000;EFECTIVOS ;;due;671;8;0;2;Yes;0;%;Yopal ;Television ;5Megas ;0;no;Activo;0
1673;09/01/2020;27/09/2020;61008;0;0;3992;65000;EFECTIVOS ;;due;673;8;0;2;Yes;0;%;Yopal ;Television ;5Megas ;0;no;Activo;0
1674;09/01/2020;27/09/2020;61008;0;0;3992;65000;EFECTIVOS ;;due;674;8;0;2;Yes;0;%;Yopal ;Television ;5Megas ;0;no;Activo;0
1677;09/01/2020;27/09/2020;61008;0;0;3992;65000;EFECTIVOS ;;due;677;8;0;2;Yes;0;%;Yopal ;Television ;5Megas ;0;no;Activo;0
1678;09/01/2020;27/09/2020;61008;0;0;3992;65000;EFECTIVOS ;;due;678;8;0;2;Yes;0;%;Yopal ;Television ;5Megas ;0;no;Activo;0
1679;09/01/2020;27/09/2020;61008;0;0;3992;65000;EFECTIVOS ;;due;679;8;0;2;Yes;0;%;Yopal ;Television ;5Megas ;0;no;Activo;0
1680;09/01/2020;27/09/2020;61008;0;0;3992;0;EFECTIVOS ;;paid;680;8;65000;2;Yes;0;%;Yopal ;Television ;5Megas ;0;no;Activo;0
1684;09/01/2020;27/09/2020;61008;0;0;3992;65000;EFECTIVOS ;;due;684;8;0;2;Yes;0;%;Yopal ;Television ;5Megas ;0;no;Activo;0
1685;09/01/2020;27/09/2020;61008;0;0;3992;65000;EFECTIVOS ;;due;685;8;0;2;Yes;0;%;Yopal ;Television ;5Megas ;0;no;Activo;0
1686;09/01/2020;27/09/2020;61008;0;0;3992;65000;EFECTIVOS ;;due;686;8;0;2;Yes;0;%;Yopal ;Television ;5Megas ;0;no;Activo;0
1687;09/01/2020;27/09/2020;61008;0;0;3992;65000;EFECTIVOS ;;due;687;8;0;2;Yes;0;%;Yopal ;Television ;5Megas ;0;no;Activo;0
1689;09/01/2020;27/09/2020;61008;0;0;3992;75113;EFECTIVOS ;;due;689;8;;3;Yes;0;%;Yopal ;Television ;5Megas ;0;no;Activo;0
1690;09/01/2020;27/09/2020;61008;0;0;3992;65000;EFECTIVOS ;;due;690;8;0;2;Yes;0;%;Yopal ;Television ;5Megas ;0;no;Activo;0
1691;09/01/2020;27/09/2020;61008;0;0;3992;65000;EFECTIVOS ;;due;691;8;0;2;Yes;0;%;Yopal ;Television ;5Megas ;0;no;Activo;0
1692;09/01/2020;27/09/2020;61008;0;0;3992;65000;EFECTIVOS ;;due;692;8;0;2;Yes;0;%;Yopal ;Television ;5Megas ;0;no;Activo;0
1693;09/01/2020;27/09/2020;61008;0;0;3992;65000;EFECTIVOS ;;due;693;8;0;2;Yes;0;%;Yopal ;Television ;5Megas ;0;no;Activo;0
1695;09/01/2020;27/09/2020;61008;0;0;3992;22667;EFECTIVOS ;;due;695;8;42333;2;Yes;0;%;Yopal ;Television ;5Megas ;0;no;Activo;0
1696;09/01/2020;27/09/2020;61008;0;0;3992;95844;EFECTIVOS ;;due;696;8;;3;Yes;0;%;Yopal ;Television ;5Megas ;0;no;Activo;0
1697;09/01/2020;27/09/2020;61008;0;0;3992;0;EFECTIVOS ;;paid;697;8;65000;2;Yes;0;%;Yopal ;Television ;5Megas ;0;no;Activo;0
1702;09/01/2020;27/09/2020;61008;0;0;3992;65000;EFECTIVOS ;;due;702;8;0;2;Yes;0;%;Yopal ;Television ;5Megas ;0;no;Activo;0
1703;09/01/2020;27/09/2020;61008;0;0;3992;65000;EFECTIVOS ;;due;703;8;0;2;Yes;0;%;Yopal ;Television ;5Megas ;0;no;Activo;0
1706;09/01/2020;27/09/2020;61008;0;0;3992;65000;EFECTIVOS ;;due;706;8;0;2;Yes;0;%;Yopal ;Television ;5Megas ;0;no;Activo;0
1707;09/01/2020;27/09/2020;61008;0;0;3992;65000;EFECTIVOS ;;due;707;8;0;2;Yes;0;%;Yopal ;Television ;5Megas ;0;no;Activo;0
1710;09/01/2020;27/09/2020;61008;0;0;3992;65000;EFECTIVOS ;;due;710;8;0;2;Yes;0;%;Yopal ;Television ;5Megas ;0;no;Activo;0
1712;09/01/2020;27/09/2020;61008;0;0;3992;0;EFECTIVOS ;;paid;712;8;65000;2;Yes;0;%;Yopal ;Television ;5Megas ;0;no;Activo;0
1714;09/01/2020;27/09/2020;61008;0;0;3992;65000;EFECTIVOS ;;due;714;8;0;2;Yes;0;%;Yopal ;Television ;5Megas ;0;no;Activo;0
1715;09/01/2020;27/09/2020;61008;0;0;3992;65000;EFECTIVOS ;;due;715;8;0;2;Yes;0;%;Yopal ;Television ;5Megas ;0;no;Activo;0
1716;09/01/2020;27/09/2020;61008;0;0;3992;65000;EFECTIVOS ;;due;716;8;0;2;Yes;0;%;Yopal ;Television ;5Megas ;0;no;Activo;0
1718;09/01/2020;27/09/2020;61008;0;0;3992;65000;EFECTIVOS ;;due;718;8;0;2;Yes;0;%;Yopal ;Television ;5Megas ;0;no;Activo;0
1719;09/01/2020;27/09/2020;61008;0;0;3992;65000;EFECTIVOS ;;due;719;8;0;2;Yes;0;%;Yopal ;Television ;5Megas ;0;no;Activo;0
1721;09/01/2020;27/09/2020;61008;0;0;3992;65000;EFECTIVOS ;;due;721;8;0;2;Yes;0;%;Yopal ;Television ;5Megas ;0;no;Activo;0
1725;09/01/2020;27/09/2020;61008;0;0;3992;65000;EFECTIVOS ;;due;725;8;0;2;Yes;0;%;Yopal ;Television ;5Megas ;0;no;Activo;0
1730;09/01/2020;27/09/2020;61008;0;0;3992;65000;EFECTIVOS ;;due;730;8;0;2;Yes;0;%;Yopal ;Television ;5Megas ;0;no;Activo;0
1731;09/01/2020;27/09/2020;61008;0;0;3992;65000;EFECTIVOS ;;due;731;8;0;2;Yes;0;%;Yopal ;Television ;5Megas ;0;no;Activo;0
1733;09/01/2020;27/09/2020;61008;0;0;3992;65000;EFECTIVOS ;;due;733;8;0;2;Yes;0;%;Yopal ;Television ;5Megas ;0;no;Activo;0
1734;09/01/2020;27/09/2020;61008;0;0;3992;65000;EFECTIVOS ;;due;734;8;0;2;Yes;0;%;Yopal ;Television ;5Megas ;0;no;Activo;0
1735;09/01/2020;27/09/2020;61008;0;0;3992;65000;EFECTIVOS ;;due;735;8;0;2;Yes;0;%;Yopal ;Television ;5Megas ;0;no;Activo;0
1738;09/01/2020;27/09/2020;61008;0;0;3992;65000;EFECTIVOS ;;due;738;8;0;2;Yes;0;%;Yopal ;Television ;5Megas ;0;no;Activo;0
1739;09/01/2020;27/09/2020;61008;0;0;3992;65000;EFECTIVOS ;;due;739;8;0;2;Yes;0;%;Yopal ;Television ;5Megas ;0;no;Activo;0
1741;09/01/2020;27/09/2020;61008;0;0;3992;65000;EFECTIVOS ;;due;741;8;0;2;Yes;0;%;Yopal ;Television ;5Megas ;0;no;Activo;0
1743;09/01/2020;27/09/2020;61008;0;0;3992;65000;EFECTIVOS ;;due;743;8;0;2;Yes;0;%;Yopal ;Television ;5Megas ;0;no;Activo;0
1744;09/01/2020;27/09/2020;61008;0;0;3992;65000;EFECTIVOS ;;due;744;8;0;2;Yes;0;%;Yopal ;Television ;5Megas ;0;no;Activo;0
1747;09/01/2020;27/09/2020;61008;0;0;3992;65000;EFECTIVOS ;;due;747;8;0;2;Yes;0;%;Yopal ;Television ;5Megas ;0;no;Activo;0
1748;09/01/2020;27/09/2020;61008;0;0;3992;65000;EFECTIVOS ;;due;748;8;0;2;Yes;0;%;Yopal ;Television ;5Megas ;0;no;Activo;0
1750;09/01/2020;27/09/2020;61008;0;0;3992;65000;EFECTIVOS ;;due;750;8;0;2;Yes;0;%;Yopal ;Television ;5Megas ;0;no;Activo;0
1751;09/01/2020;27/09/2020;61008;0;0;3992;65000;EFECTIVOS ;;due;751;8;0;2;Yes;0;%;Yopal ;Television ;5Megas ;0;no;Activo;0
1752;09/01/2020;27/09/2020;61008;0;0;3992;65000;EFECTIVOS ;;due;752;8;0;2;Yes;0;%;Yopal ;Television ;5Megas ;0;no;Activo;0
1756;09/01/2020;27/09/2020;61008;0;0;3992;65000;EFECTIVOS ;;due;756;8;0;2;Yes;0;%;Yopal ;Television ;5Megas ;0;no;Activo;0
1757;09/01/2020;27/09/2020;61008;0;0;3992;65000;EFECTIVOS ;;due;757;8;0;2;Yes;0;%;Yopal ;Television ;5Megas ;0;no;Activo;0
1760;09/01/2020;27/09/2020;61008;0;0;3992;65000;EFECTIVOS ;;due;760;8;0;2;Yes;0;%;Yopal ;Television ;5Megas ;0;no;Activo;0
1762;09/01/2020;27/09/2020;61008;0;0;3992;65000;EFECTIVOS ;;due;762;8;0;2;Yes;0;%;Yopal ;Television ;5Megas ;0;no;Activo;0
1763;09/01/2020;27/09/2020;61008;0;0;3992;65000;EFECTIVOS ;;due;763;8;0;2;Yes;0;%;Yopal ;Television ;5Megas ;0;no;Activo;0
1765;09/01/2020;27/09/2020;61008;0;0;3992;65000;EFECTIVOS ;;due;765;8;0;2;Yes;0;%;Yopal ;Television ;5Megas ;0;no;Activo;0
1773;09/01/2020;27/09/2020;61008;0;0;3992;65000;EFECTIVOS ;;due;773;8;0;2;Yes;0;%;Yopal ;Television ;5Megas ;0;no;Activo;0
1774;09/01/2020;27/09/2020;61008;0;0;3992;65000;EFECTIVOS ;;due;774;8;0;2;Yes;0;%;Yopal ;Television ;5Megas ;0;no;Activo;0
1775;09/01/2020;27/09/2020;61008;0;0;3992;65000;EFECTIVOS ;;due;775;8;0;2;Yes;0;%;Yopal ;Television ;5Megas ;0;no;Activo;0
1777;09/01/2020;27/09/2020;61008;0;0;3992;65000;EFECTIVOS ;;due;777;8;0;2;Yes;0;%;Yopal ;Television ;5Megas ;0;no;Activo;0
1781;09/01/2020;27/09/2020;61008;0;0;3992;104839;EFECTIVOS ;;due;781;8;;3;Yes;0;%;Yopal ;Television ;5Megas ;0;no;Activo;0
1782;09/01/2020;27/09/2020;61008;0;0;3992;65000;EFECTIVOS ;;due;782;8;0;2;Yes;0;%;Yopal ;Television ;5Megas ;0;no;Activo;0
1783;09/01/2020;27/09/2020;61008;0;0;3992;65000;EFECTIVOS ;;due;783;8;0;2;Yes;0;%;Yopal ;Television ;5Megas ;0;no;Activo;0
1784;09/01/2020;27/09/2020;61008;0;0;3992;0;EFECTIVOS ;;paid;784;8;65000;2;Yes;0;%;Yopal ;Television ;5Megas ;0;no;Activo;0
1789;09/01/2020;27/09/2020;61008;0;0;3992;65000;EFECTIVOS ;;due;789;8;0;2;Yes;0;%;Yopal ;Television ;5Megas ;0;no;Activo;0
1792;09/01/2020;27/09/2020;61008;0;0;3992;79677;EFECTIVOS ;;due;792;8;;3;Yes;0;%;Yopal ;Television ;5Megas ;0;no;Activo;0
1796;09/01/2020;27/09/2020;61008;0;0;3992;0;EFECTIVOS ;;paid;796;8;65000;2;Yes;0;%;Yopal ;Television ;5Megas ;0;no;Activo;0
1797;09/01/2020;27/09/2020;61008;0;0;3992;85968;EFECTIVOS ;;due;797;8;;3;Yes;0;%;Yopal ;Television ;5Megas ;0;no;Activo;0
1798;09/01/2020;27/09/2020;61008;0;0;3992;65000;EFECTIVOS ;;due;798;8;0;2;Yes;0;%;Yopal ;Television ;5Megas ;0;no;Activo;0
1799;09/01/2020;27/09/2020;61008;0;0;3992;60667;EFECTIVOS ;;due;799;8;4333;2;Yes;0;%;Yopal ;Television ;5Megas ;0;no;Activo;0
1805;09/01/2020;27/09/2020;61008;0;0;3992;0;EFECTIVOS ;;paid;805;8;65000;2;Yes;0;%;Yopal ;Television ;5Megas ;0;no;Activo;0
1807;09/01/2020;27/09/2020;61008;0;0;3992;0;EFECTIVOS ;;paid;807;8;65000;2;Yes;0;%;Yopal ;Television ;5Megas ;0;no;Activo;0
1810;09/01/2020;27/09/2020;61008;0;0;3992;75484;EFECTIVOS ;;due;810;8;;3;Yes;0;%;Yopal ;Television ;5Megas ;0;no;Activo;0
1811;09/01/2020;27/09/2020;61008;0;0;3992;77581;EFECTIVOS ;;due;811;8;;3;Yes;0;%;Yopal ;Television ;5Megas ;0;no;Activo;0
1813;09/01/2020;27/09/2020;61008;0;0;3992;67097;EFECTIVOS ;;due;813;8;;3;Yes;0;%;Yopal ;Television ;5Megas ;0;no;Activo;0
1814;09/01/2020;27/09/2020;61008;0;0;3992;67097;EFECTIVOS ;;due;814;8;;3;Yes;0;%;Yopal ;Television ;5Megas ;0;no;Activo;0
1816;09/01/2020;27/09/2020;61008;0;0;3992;0;EFECTIVOS ;;paid;816;8;65000;2;Yes;0;%;Yopal ;Television ;5Megas ;0;no;Activo;0
1819;09/01/2020;27/09/2020;61008;0;0;3992;62976;EFECTIVOS ;;due;819;8;2024;2;Yes;0;%;Yopal ;Television ;5Megas ;0;no;Activo;0
1820;09/01/2020;27/09/2020;61008;0;0;3992;47667;EFECTIVOS ;;due;820;8;17333;2;Yes;0;%;Yopal ;Television ;5Megas ;0;no;Activo;0
1825;09/01/2020;27/09/2020;61008;0;0;3992;60667;EFECTIVOS ;;due;825;8;4333;2;Yes;0;%;Yopal ;Television ;5Megas ;0;no;Activo;0
1826;09/01/2020;27/09/2020;61008;0;0;3992;56333;EFECTIVOS ;;due;826;8;8667;2;Yes;0;%;Yopal ;Television ;5Megas ;0;no;Activo;0
1827;09/01/2020;27/09/2020;61008;0;0;3992;56333;EFECTIVOS ;;due;827;8;8667;2;Yes;0;%;Yopal ;Television ;5Megas ;0;no;Activo;0
1829;09/01/2020;27/09/2020;61008;0;0;3992;56333;EFECTIVOS ;;due;829;8;8667;2;Yes;0;%;Yopal ;Television ;5Megas ;0;no;Activo;0
1830;09/01/2020;27/09/2020;61008;0;0;3992;47667;EFECTIVOS ;;due;830;8;17333;2;Yes;0;%;Yopal ;Television ;5Megas ;0;no;Activo;0
1831;09/01/2020;27/09/2020;61008;0;0;3992;43333;EFECTIVOS ;;due;831;8;21667;2;Yes;0;%;Yopal ;Television ;5Megas ;0;no;Activo;0
1834;09/01/2020;27/09/2020;61008;0;0;3992;36833;EFECTIVOS ;;due;834;8;28167;2;Yes;0;%;Yopal ;Television ;5Megas ;0;no;Activo;0
1836;09/01/2020;27/09/2020;61008;0;0;3992;43333;EFECTIVOS ;;due;836;8;21667;2;Yes;0;%;Yopal ;Television ;5Megas ;0;no;Activo;0
1837;09/01/2020;27/09/2020;61008;0;0;3992;43333;EFECTIVOS ;;due;837;8;21667;2;Yes;0;%;Yopal ;Television ;5Megas ;0;no;Activo;0
1852;09/01/2020;27/09/2020;61008;0;0;3992;65000;EFECTIVOS ;;due;852;8;0;2;Yes;0;%;Yopal ;Television ;5Megas ;0;no;Activo;0
1857;09/01/2020;27/09/2020;61008;0;0;3992;105000;EFECTIVOS ;;due;857;8;;3;Yes;0;%;Yopal ;Television ;5Megas ;0;no;Activo;0
1858;09/01/2020;27/09/2020;61008;0;0;3992;65000;EFECTIVOS ;;due;858;8;0;2;Yes;0;%;Yopal ;Television ;5Megas ;0;no;Activo;0
1860;09/01/2020;27/09/2020;61008;0;0;3992;25010;EFECTIVOS ;;due;860;8;39990;2;Yes;0;%;Yopal ;Television ;5Megas ;0;no;Activo;0
1861;09/01/2020;27/09/2020;61008;0;0;3992;22667;EFECTIVOS ;;due;861;8;42333;2;Yes;0;%;Yopal ;Television ;5Megas ;0;no;Activo;0
1863;09/01/2020;27/09/2020;61008;0;0;3992;65000;EFECTIVOS ;;due;863;8;0;2;Yes;0;%;Yopal ;Television ;5Megas ;0;no;Activo;0
1867;09/01/2020;27/09/2020;61008;0;0;3992;65000;EFECTIVOS ;;due;867;8;0;2;Yes;0;%;Yopal ;Television ;5Megas ;0;no;Activo;0
1876;09/01/2020;27/09/2020;61008;0;0;3992;65000;EFECTIVOS ;;due;876;8;0;2;Yes;0;%;Yopal ;Television ;5Megas ;0;no;Activo;0
1877;09/01/2020;27/09/2020;61008;0;0;3992;65000;EFECTIVOS ;;due;877;8;0;2;Yes;0;%;Yopal ;Television ;5Megas ;0;no;Activo;0
1882;09/01/2020;27/09/2020;61008;0;0;3992;65000;EFECTIVOS ;;due;882;8;0;2;Yes;0;%;Yopal ;Television ;5Megas ;0;no;Activo;0
1885;09/01/2020;27/09/2020;61008;0;0;3992;65000;EFECTIVOS ;;due;885;8;0;2;Yes;0;%;Yopal ;Television ;5Megas ;0;no;Activo;0
1887;09/01/2020;27/09/2020;61008;0;0;3992;65000;EFECTIVOS ;;due;887;8;0;2;Yes;0;%;Yopal ;Television ;5Megas ;0;no;Activo;0
1890;09/01/2020;27/09/2020;61008;0;0;3992;65000;EFECTIVOS ;;due;890;8;0;2;Yes;0;%;Yopal ;Television ;5Megas ;0;no;Activo;0
1893;09/01/2020;27/09/2020;61008;0;0;3992;65000;EFECTIVOS ;;due;893;8;0;2;Yes;0;%;Yopal ;Television ;5Megas ;0;no;Activo;0
1901;09/01/2020;27/09/2020;61008;0;0;3992;0;EFECTIVOS ;;paid;901;8;65000;2;Yes;0;%;Yopal ;Television ;5Megas ;0;no;Activo;0
1904;09/01/2020;27/09/2020;61008;0;0;3992;65000;EFECTIVOS ;;due;904;8;0;2;Yes;0;%;Yopal ;Television ;5Megas ;0;no;Activo;0
1907;09/01/2020;27/09/2020;61008;0;0;3992;0;EFECTIVOS ;;paid;907;8;65000;2;Yes;0;%;Yopal ;Television ;5Megas ;0;no;Activo;0
1909;09/01/2020;27/09/2020;61008;0;0;3992;65000;EFECTIVOS ;;due;909;8;0;2;Yes;0;%;Yopal ;Television ;5Megas ;0;no;Activo;0
1915;09/01/2020;27/09/2020;61008;0;0;3992;128710;EFECTIVOS ;;due;915;8;;3;Yes;0;%;Yopal ;Television ;5Megas ;0;no;Activo;0
1916;09/01/2020;27/09/2020;61008;0;0;3992;65000;EFECTIVOS ;;due;916;8;0;2;Yes;0;%;Yopal ;Television ;5Megas ;0;no;Activo;0
1921;09/01/2020;27/09/2020;61008;0;0;3992;65000;EFECTIVOS ;;due;921;8;0;2;Yes;0;%;Yopal ;Television ;5Megas ;0;no;Activo;0
1924;09/01/2020;27/09/2020;61008;0;0;3992;65000;EFECTIVOS ;;due;924;8;0;2;Yes;0;%;Yopal ;Television ;5Megas ;0;no;Activo;0
1930;09/01/2020;27/09/2020;61008;0;0;3992;65000;EFECTIVOS ;;due;930;8;0;2;Yes;0;%;Yopal ;Television ;5Megas ;0;no;Activo;0
1931;09/01/2020;27/09/2020;61008;0;0;3992;65000;EFECTIVOS ;;due;931;8;0;2;Yes;0;%;Yopal ;Television ;5Megas ;0;no;Activo;0
1932;09/01/2020;27/09/2020;61008;0;0;3992;65000;EFECTIVOS ;;due;932;8;0;2;Yes;0;%;Yopal ;Television ;5Megas ;0;no;Activo;0
1938;09/01/2020;27/09/2020;61008;0;0;3992;0;EFECTIVOS ;;paid;938;8;65000;2;Yes;0;%;Yopal ;Television ;5Megas ;0;no;Activo;0
1941;09/01/2020;27/09/2020;61008;0;0;3992;65000;EFECTIVOS ;;due;941;8;0;2;Yes;0;%;Yopal ;Television ;5Megas ;0;no;Activo;0
1951;09/01/2020;27/09/2020;61008;0;0;3992;65000;EFECTIVOS ;;due;951;8;0;2;Yes;0;%;Yopal ;Television ;5Megas ;0;no;Activo;0
1960;09/01/2020;27/09/2020;61008;0;0;3992;75000;EFECTIVOS ;;due;960;8;;3;Yes;0;%;Yopal ;Television ;5Megas ;0;no;Activo;0
1962;09/01/2020;27/09/2020;61008;0;0;3992;0;EFECTIVOS ;;paid;962;8;65000;2;Yes;0;%;Yopal ;Television ;5Megas ;0;no;Activo;0
1963;09/01/2020;27/09/2020;61008;0;0;3992;65000;EFECTIVOS ;;due;963;8;0;2;Yes;0;%;Yopal ;Television ;5Megas ;0;no;Activo;0
