CODIGO;PROVEDOR;ALMACEN;MAC;SERIAL;FECHA LLEGADA;FECHA INSTALACION;MARCA;ASIGNADO A:;ESTADO;OBSERVACION
999;RECOGIDO;4;E0:67:B3:27:B6:89;BA1305-1803000220;;04/01/2020;EOC;2400;BUENO;INSTALACION 
1101;RECOGIDO;4;E0:67:B3:A3:83:13;BA1305-1901002167;23/01/2020;15/05/2020;WIFI;3281;BUENO;INSTALACION 
1102;RECOGIDO;4;E8:9F:EC:06:A2:35;290100893540608;23/01/2020;24/01/2020;KINTYPE;2091;MALO;CAMBIO 
1103;RECOGIDO;4;E067B3A38390;BA1305-1901002183;23/01/2020;25/01/2020;WIFI;50218;BUENO;INSTALACION 
1104;RECOGIDO;4;E067B327BE36;BA1305-1803333466;23/01/2020;25/01/2020;WIFI;1133;BUENO;INSTALACION 
1105;RECOGIDO;4;000F1E709EA0;271000788130011;23/01/2020;25/01/2020;KINTYPE;1481;BUENO;INSTALACION
1106;Dicelar;4;E0:67:B3:EE:C8:D0;BA1310-1911004477;27/01/2020;28/01/2020;WIFI;3151;BUENO;INSTALACION 
1107;Dicelar;4;E0:67:B3:EE:C8:CB;BA1310-1911004476;27/01/2020;04/08/2020;WIFI;3119;BUENO;INSTALACION 
1108;Dicelar;4;E0:67:B3:EE:C8:F3;BA1310-1911004484;27/01/2020;28/01/2020;WIFI;3147;BUENO;INSTALACION 
1109;Dicelar;4;E0:67:B3:EE:C8:E9;BA1310-1911004482;27/01/2020;29/01/2020;WIFI;3149;BUENO;INSTALACION 
1110;Dicelar;4;E0:67:B3:EE:C8:EE;BA1310-1911004483;27/01/2020;29/01/2020;WIFI;2932;BUENO;INSTALACION 
1111;Dicelar;4;E0:67:B3:EE:C8:99;BA1310-1911004466;27/01/2020;29/01/2020;WIFI;3150;BUENO;INSTALACION 
1112;Dicelar;4;E0:67:B3:EE:C8:94;BA1310-1911004465;27/01/2020;29/01/2020;WIFI;3152;BUENO;INSTALACION 
1113;Dicelar;4;E0:67:B3:EE:C8:E4;BA1310-1911004481;27/01/2020;29/01/2020;WIFI;1138;BUENO;INSTALACION 
1114;Dicelar;4;E0:67:B3:EE:C8:DF;BA1310-1911004480;27/01/2020;29/01/2020;WIFI;2687;BUENO;INSTALACION 
1115;Dicelar;4;E0:67:B3:EE:C8:D0;BA1310-1911004479;27/01/2020;28/01/2020;WIFI;1980;BUENO;CAMBIO UTP
1116;Dicelar;4;E0:67:B3:EE:C8:C1;BA1310-1911004474;27/01/2020;31/01/2020;WIFI;3153;BUENO;INSTALACION 
1117;Dicelar;4;E0:67:B3:EE:C8:BC;BA1310-1911004473;27/01/2020;04/05/2020;WIFI;3263;BUENO;INSTALACION 
1118;Dicelar;4;E0:67:B3:EE:C8:9F;BA1310-1911004467;27/01/2020;04/02/2020;WIFI;3158;BUENO;INSTALACION 
1119;Dicelar;4;E0:67:B3:EE:C8:C6;BA1310-1911004475;27/01/2020;01/09/2020;WIFI;3376;MALO;CAMBIO
1120;Dicelar;4;E0:67:B3:EE:C8:D5;BA1310-1911004478;27/01/2020;06/08/2020;WIFI;3409;BUENO;INSTALACION 
1121;Dicelar;4;E0:67:B3:EE:C8:B7;BA1310-1911004472;27/01/2020;01/02/2020;WIFI;869;BUENO;INSTALACION 
1122;Dicelar;4;E0:67:B3:EE:C8:B2;BA1310-1911004471;27/01/2020;02/04/2020;WIFI;3215;BUENO;INSTALACION 
1123;Dicelar;4;E0:67:B3:EE:C8:A8;BA1310-1911004469;27/01/2020;19/03/2020;WIFI;3203;BUENO;INSTALACION 
1124;Dicelar;4;E0:67:B3:EE:C8:A3;BA1310-1911004468;27/01/2020;22/09/2020;WIFI;3488;BUENO;INSTALACION 
1125;Dicelar;4;E0:67:B3:EE:C8:AD;BA1310-1911004470;27/01/2020;07/02/2020;WIFI;3161;BUENO;INSTALACION 
1126;HESSAM;4;E0:67:B3:EE:77:22;BA1310-1911000297;08/01/2020;11/02/2020;WIFI;3163;BUENO;INSTALACION 
1127;HESSAM;4;E0:67:B3:EE:77:33;BA1310-1911000299;08/01/2020;21/05/2020;WIFI;50275;MALO;CAMBIO
1128;RECOGIDO;4;00F1E776A61;280400832030614,00;;07/02/2020;KINTYPE;335;BUENO;CAMBIO UTP
1149;Dicelar;4;E0:67:B3:ED:64:5C;BA1305-1909005181;10/02/2020;14/02/2020;Bestcom;2801;BUENO;INSTALACION 
1150;Dicelar;4;E0:67:B3:ED:64:64;BA1305-1909005182;10/02/2020;12/02/2020;Bestcom;684;MALO;CAMBIO TPL
1151;Dicelar;4;E0:67:B3:ED:64:6C;BA1305-1909005183;10/02/2020;12/02/2020;Bestcom;2234;BUENO;INSTALACION 
1152;Dicelar;4;E0:67:B3:ED:64:74;BA1305-1909005184;10/02/2020;12/02/2020;Bestcom;3165;BUENO;INSTALACION 
1153;Dicelar;4;E0:67:B3:ED:64:7C;BA1305-1909005185;10/02/2020;14/02/2020;Bestcom;3166;BUENO;INSTALACION 
1154;Dicelar;4;E0:67:B3:ED:64:84;BA1305-1909005186;10/02/2020;27/07/2020;Bestcom;3396;BUENO;INSTALACION 
1155;Dicelar;4;E0:67:B3:ED:64:8C;BA1305-1909005187;10/02/2020;13/02/2020;Bestcom;2526;BUENO;CAMBIO UTP
;RECOGIDO;4;000F1E77B1C0;280500840390168;;13/02/2020;KINTYPE;1054;MALO;CAMBIO 
1156;Dicelar;4;E0:67:B3:ED:64:94;BA1305-1909005188;10/02/2020;14/02/2020;Bestcom;2524;BUENO;INSTALACION 
1157;Dicelar;4;E0:67:B3:ED:64:9C;BA1305-1909005189;10/02/2020;17/02/2020;Bestcom;3052;BUENO;INSTALACION 
1158;Dicelar;4;E0:67:B3:ED:64:A4;BA1305-1909005190;10/02/2020;17/02/2020;Bestcom;3168;BUENO;INSTALACION 
1159;Dicelar;4;E0:67:B3:ED:64:AC;BA1305-1909005191;10/02/2020;18/02/2020;Bestcom;3170;BUENO;INSTALACION 
1160;Dicelar;4;E0:67:B3:ED:64:B4;BA1305-1909005192;10/02/2020;21/02/2020;Bestcom;3174;BUENO;INSTALACION 
1161;Dicelar;4;E0:67:B3:ED:64:BC;BA1305-1909005193;10/02/2020;21/02/2020;Bestcom;3175;BUENO;INSTALACION 
1162;Dicelar;4;E0:67:B3:ED:64:C4;BA1305-1909005194;10/02/2020;21/02/2020;Bestcom;2715;MALO;CAMBIO
1163;Dicelar;4;E0:67:B3:ED:64:CC;BA1305-1909005195;10/02/2020;24/02/2020;Bestcom;3176;BUENO;INSTALACION 
1164;Dicelar;4;E0:67:B3:ED:64:D4;BA1305-1909005196;10/02/2020;06/10/2020;Bestcom;3506;BUENO;DISPONIBLE CABLE MODEM
1165;Dicelar;4;E0:67:B3:ED:64:DC;BA1305-1909005197;10/02/2020;20/03/2020;Bestcom;3204;BUENO;INSTALACION 
1166;Dicelar;4;E0:67:B3:ED:64:E4;BA1305-1909005198;10/02/2020;24/02/2020;Bestcom;761;BUENO;INSTALACION 
1167;Dicelar;4;E0:67:B3:ED:64:EC;BA1305-1909005199;10/02/2020;24/02/2020;Bestcom;1220;BUENO;INSTALACION 
1168;Dicelar;4;E0:67:B3:ED:64:F4;BA1305-1909005200;10/02/2020;25/02/2020;Bestcom;1493;BUENO;INSTALACION 
1169;RECOGIDO;4;00:0F:1E:77:63:15;280400832030620;;14/02/2020;KINTYPE;3159;BUENO;CAMBIO DE CABLE MODEM
1170;Dicelar;4;E0:67:B3:74:6C:C;BA1302-1704002641;;14/02/2020;WIFI;3117;BUENO;CAMBIO DE CABLE MODEM
1291;RECOGIDO;4;E0:67:B3:A3:83:5B;BA1305-1901002176;27/02/2020;25/02/2020;WIFI;3177;BUENO;INSTALACION
1292;RECOGIDO;4;00:0F:1E:71:B9:C9; 271.000.788.130.014 ;27/02/2020;29/02/2020;KYNTYPE;2742;MALO;CAMBIO
1293;RECOGIDO;4;00:0F:1E:73:82:6D; 271.100.801.260.148 ;27/02/2020;25/02/2020;KYNTYPE;3178;BUENO;INSTALACION
1304;Dicelar;4;E0:67:B3:ED:53:2C;BA1305-1909004631;26/02/2020;27/02/2020;Bestcom;3324;BUENO;INSTALACION
1305;Dicelar;4;E0:67:B3:ED:53:34;BA1305-1909004632;26/02/2020;27/02/2020;Bestcom;3179;BUENO;INSTALACION
1306;Dicelar;4;E0:67:B3:ED:53:3C;BA1305-1909004633;26/02/2020;28/02/2020;Bestcom;3182;BUENO;INSTALACION
1307;Dicelar;4;E0:67:B3:ED:53:44;BA1305-1909004634;26/02/2020;28/02/2020;Bestcom;1574;MALO;CAMBIO
1308;Dicelar;4;E0:67:B3:ED:53:4C;BA1305-1909004635;26/02/2020;28/02/2020;Bestcom;3183;BUENO;INSTALACION
1309;Dicelar;4;E0:67:B3:ED:53:54;BA1305-1909004636;26/02/2020;03/03/2020;Bestcom;3184;BUENO;INSTALACION
1310;Dicelar;4;E0:67:B3:ED:53:5C;BA1305-1909004637;26/02/2020;29/02/2020;Bestcom;2853;BUENO;INSTALACION
1311;Dicelar;4;E0:67:B3:ED:53:64;BA1305-1909004638;26/02/2020;03/03/2020;Bestcom;3185;BUENO;iNSTALACION
1312;Dicelar;4;E0:67:B3:ED:53:6C;BA1305-1909004639;26/02/2020;02/03/2020;Bestcom;3186;BUENO;iNSTALACION
1313;Dicelar;4;E0:67:B3:ED:53:74;BA1305-1909004640;26/02/2020;02/03/2020;Bestcom;3187;BUENO;iNSTALACION
1314;RECOGIDO;4;00:0F:1E:72:6B:C1;271000788130048;26/02/2020;26/02/2020;KYNTYPE;2059;MALO;CAMBIO
1315;RECOGIDO;4;E067B3A3F6E0;BA1305-1901005873;26/02/2020;05/03/2020;WIFI;3188;BUENO;INSTALACION
1316;RECOGIDO;4;7C877903EF5E;ES7101-18092491;26/02/2020;05/03/2020;WIFI;3189;BUENO;INSTALACION
1317;RECOGIDO;4;E8:9F:EC:04:BF:89;290100893540548;26/02/2020;05/03/2020;KYNTYPE;3271;BUENO;INSTALACION
1328;Dicelar;4;E0:67:B3:ED:04:6C;BA1305-1909002111;04/03/2020;12/03/2020;Bestcom;3191;BUENO;INSTALACION
1329;Dicelar;4;E0:67:B3:ED:04:74;BA1305-1909002112;04/03/2020;12/03/2020;Bestcom;3193;BUENO;INSTALACION
1330;Dicelar;4;E0:67:B3.ED.04:7C;BA1305-1909002113;04/03/2020;12/03/2020;Bestcom;3194;BUENO;INSTALACION
1331;Dicelar;4;E0:67:B3:ED:04:84;BA1305-1909002114;04/03/2020;12/03/2020;Bestcom;3196;BUENO;INSTALACION
1332;Dicelar;4;E0:67:B3:ED:04:8C;BA1305-1909002115;04/03/2020;13/03/2020;Bestcom;3197;BUENO;INSTALACION
1333;Dicelar;4;E0:67:B3:ED:04:94;BA1305-1909002116;04/03/2020;04/08/2020;Bestcom;2587;BUENO;INSTALACION
1334;Dicelar;4;E0:67:B3:ED:04:9C;BA1305-1909002117;04/03/2020;17/03/2020;Bestcom;1118;BUENO;INSTALACION
1335;Dicelar;4;E0:67:B3:ED:04:A4;BA1305-1909002118;04/03/2020;17/03/2020;Bestcom;3200;BUENO;INSTALACION
1336;Dicelar;4;E0:67:B3.ED:04:AC;BA1305-1909002119;04/03/2020; 17/03/2020;Bestcom;3199;BUENO;INSTALACION
1337;Dicelar;4;E0:67:B3:ED:04:B4;BA1305-1909002120;04/03/2020;17/02/2020;Bestcom;3201;BUENO;INSTALACION
1378;RECOGIDO;4;00:0F:1E:77:F5:A4; 280.400.832.030.605 ;10/03/2020;11/03/2020;KYNTYPE;1287;MALO;CAMBIO
1419;RECOGIDO;4;E0:67:B3:E7:CC:1F;BA1305-1905003405;;19/03/2020;WIFI;3202;BUENO;INSTALACION
;RECOGIDO;4;E0:67:B3:27:BE:79;BA1305-1803000474;;17/03/2020;WIFI;1135;BUENO;CAMBIO CABLE MODEM
;RECOGIDO;4;00:0F:1E:76:8B:FD;;;17/03/2020;KYNTYPE;3155;MALO;CAMBIO 
1420;RECOGIDO;4;00:0F:1E:77:B6:05;280500840390809;;20/03/2020;KYNTYPE;2990;MALO;CAMBIO
1421;RECOGIDO;4;00:0F:1E:77:60:61;280500840390835;;24/03/2020;KYNTYPE;1427;BUENO;INSTALACION 
1422;RECOGIDO;4;E0:67:B3:A3:83:33;BA1305-1901002171;;1903/2020;WIFI;3205;BUENO;INSTALACION 
1423;RECOGIDO;4;00:0F:1E:77:AF:39;280600846230859,00;;24/03/2020;KYNTYPE;3206;BUENO;INSTALACION
1424;RECOGIDO;4;00:0F:1E:78:A4:B9;280700855231418,00;;2403/2020;KYNTYPE;3207;BUENO;INSTALACION
1445;RECOGIDO;4;000F1E737C:1C;271100801260168,00;;24/03/2020;KYNTYPE;1890;BUENO;INSTALACION
1446;RECOGIDO;4;00:0F:1E:78:6B:E1;280500840390842,00;;26/03/2020;KYNTYPE;3208;BUENO;INSTALACION
1447;Dicelar;4;E0:67:B3:ED:13:1C;BA1305-1909002581;26/03/2020;27/03/2020;Bestcom;3067;MALO;CAMBIO
1448;Dicelar;4;E0:67:B3:ED:13:24;BA1305-1909002582;26/03/2020;27/03/2020;Bestcom;50331;MALO;CAMBIO
1449;Dicelar;4;E0:67:B3:ED:13:2C;BA1305-1909002583;26/03/2020;27/03/2020;Bestcom;2623;MALO;CAMBIO
1450;Dicelar;4;E0:67:B3:ED:13:34;BA1305-1909002584;26/03/2020;27/03/2020;Bestcom;5263;MALO;CAMBIO
1451;Dicelar;4;E0:67:B3:ED:13:3C;BA1305-1909002585;26/03/2020;28/03/2020;Bestcom;953;BUENO;INSTALACION
1452;Dicelar;4;E0:67:B3:ED:13:44;BA1305-1909002586;26/03/2020;28/03/2020;Bestcom;3209;BUENO;INSTALACION
1453;Dicelar;4;E0:67:B3:ED:13:4C;BA1305-1909002587;26/03/2020;28/03/2020;Bestcom;3210;BUENO;INSTALACION
1454;Dicelar;4;E0:67:B3:ED:13:54;BA1305-1909002588;26/03/2020;29/03/2020;Bestcom;3211;BUENO;INSTALACION
1455;Dicelar;4;E0:67:B3:ED:13:5C;BA1305-1909002589;26/03/2020;30/03/2020;Bestcom;3212;BUENO;INSTALACION
1456;Dicelar;4;E0:67:B3:ED:13:64;BA1305-1909002590;26/03/2020;30/03/2020;Bestcom;3213;BUENO;INSTALACION
1477;RECOGIDO;4;000F1E77B604;280500840390809;;01/04/2020;KYNTYPE;3214;BUENO;INSTALACION
1478;RECOGIDO;4;000F1E71B6F8;271000788130002;;02/04/2020;KYNTYPE;806;MALO;CAMBIO
1479;RECOGIDO;4;E067B32A8452;BA1302-1704002640;;02/04/2020;WIFI;3216;BUENO;INSTALACION
1520;;4;E0:67:B3:A1:6C:24;BA1305-1810000478;;;WIFI;3217;BUENO;INSTALACION
1536;Dicelar;4;E0:67:B3:F0:FE:8C;BA1306-1912005221;07/04/2020;08/04/2020;WIFI;3218;BUENO;INSTALACION
1537;Dicelar;4;E0:67:B3:F0:FE:A1;BA1306-1912005224;07/04/2020;08/04/2020;WIFI;2700;BUENO;INSTALACION
1538;Dicelar;4;E0:67:B3:F0:FE:A9;BA1306-1912005225;07/04/2020;08/04/2020;WIFI;1472;BUENO;INSTALACION
1539;Dicelar;4;E0:67:B3:F0:FE:B1;BA1306-1912005226;07/04/2020;08/04/2020;WIFI;3220;BUENO;INSTALACION
1540;Dicelar;4;E0:67:B3:F0:FE:C1;BA1306-1912005228;07/04/2020;08/04/2020;WIFI;3221;BUENO;INSTALACION
1541;Dicelar;4;E0:67:B3:F0:FE:C9;BA1306-1912005229;07/04/2020;16/04/2020;WIFI;3222;BUENO;INSTALACION
1542;Dicelar;4;E0:67:B3:F0:FE:D1;BA1306-1912005230;07/04/2020;16/04/2020;WIFI;3223;BUENO;INSTALACION
1543;Dicelar;4;E0:67:B3:F0:FE:D9;BA1306-1912005231;07/04/2020;16/04/2020;WIFI;3224;BUENO;INSTALACION
1544;Dicelar;4;E0:67:B3:F0:FE:E1;BA1306-1912005232;07/04/2020;16/04/2020;WIFI;3225;BUENO;INSTALACION
1545;Dicelar;4;E0:67:B3:F0:FE:E9;BA1306-1912005233;07/04/2020;15/04/2020;WIFI;2859;BUENO;INSTALACION
1546;Dicelar;4;E0:67:B3:F0:FE:F1;BA1306-1912005234;07/04/2020;15/04/2020;WIFI;3226;BUENO;INSTALACION
1547;Dicelar;4;E0:67:B3:F0:FE:F9;BA1306-1912005235;07/04/2020;15/04/2020;WIFI;3227;BUENO;INSTALACION
1548;Dicelar;4;E0:67:B3:F0:FE:01;BA1306-1912005236;07/04/2020;17/04/2020;WIFI;2461;BUENO;INSTALACION
1549;Dicelar;4;E0:67:B3:F0:FE:11;BA1306-1912005238;07/04/2020;17/04/2020;WIFI;3228;BUENO;INSTALACION
1550;Dicelar;4;E0:67:B3:F0:FF:19;BA1306-1912005239;07/04/2020;18/04/2020;WIFI;3229;BUENO;INSTALACION
1551;Dicelar;4;E0:67:B3:F0:FF:21;BA1306-1912005240;07/04/2020;18/04/2020;WIFI;3230;BUENO;INSTALACION
1552;Dicelar;4;E0:67:B3:F0:DC:D9;BA1306-1912004143;07/04/2020;20/04/2020;WIFI;3231;BUENO;INSTALACION
1553;Dicelar;4;E0:67:B3:F1:16:99;BA1306-1912005991;07/04/2020;18/04/2020;WIFI;931;BUENO;INSTALACION
1554;Dicelar;4;E0:67:B3:F1:16:A1;BA1306-1912005992;07/04/2020;21/04/2020;WIFI;3238;BUENO;INSTALACION
1595;RECOGIDO;4;000F1E786D30;280500840390827;;20/04/2020;KYNTYPE;2545;BUENO;INSTALACION
1596;RECOGIDO;4;E0:67:B3:2A:3A:3A;BA1302-1703001722;;21/04/2020;WIFI;560;BUENO;INSTALACION
1608;RECOGIDO;4;E0:67:B3:2A:AA:68;BA1302-1704007509;10/08/2020;11/08/2020;WIFI;3421;BUENO;INSTALACION
1609;RECOGIDO;4;E0:67:B3:27:B6:71;BA1305-1803000217;10/08/2020;24/04/2020;WIFI;3026;BUENO;CAMBIO CABLE MODEM
1630;Dicelar;4;E0:67:B3:F2:38:D5;BA1310-2003007827;25/04/2020;07/10/2020;EOC;3509;BUENO;INSTALACION
1631;Dicelar;4;E0:67:B3:F2:38:DA;BA1310-2003007828;25/04/2020;27/04/2020;EOC;3265;BUENO;INSTALACION
1632;Dicelar;4;E0:67:B3:F2:38:DF;BA1310-2003007829;25/04/2020;27/04/2020;EOC;3262;BUENO;INSTALACION
1633;Dicelar;4;E0:67:B3:F2:38:E4;BA1310-2003007830;25/04/2020;;EOC;;DA헤DO;NO DA LINK, DA헤DO
1634;Dicelar;4;E0:67:B3:F2:38:E9;BA1310-2003007831;25/04/2020;27/04/2020;EOC;3266;BUENO;INSTALACION
1635;Dicelar;4;E0:67:B3:F2:38:D0;BA1310-2003007826;25/04/2020;28/04/2020;EOC;3257;BUENO;INSTALACION
1636;Dicelar;4;E0:67:B3:F2:38:F0;BA1310-2003007833;25/04/2020;28/04/2020;EOC;3261;BUENO;INSTALACION
1637;Dicelar;4;E0:67:B3:F2:38:F5;BA1310-2003007834;25/04/2020;28/04/2020;EOC;3301;BUENO;INSTALACION
1638;Dicelar;4;E0:67:B3:F2:38:FA;BA1310-2003007835;25/04/2020;28/04/2020;EOC;50140;BUENO;INSTALACION
1639;Dicelar;4;E0:67:B3:F2:38:EB;BA1310-2003007832;25/04/2020;28/04/2020;EOC;3259;BUENO;INSTALACION
1640;Dicelar;4;E0:67:B3:F2:38:B4;BA1310-2003007821;25/04/2020;28/04/2020;EOC;3269;BUENO;INSTALACION
1641;Dicelar;4;E0:67:B3:F2:38:C3;BA1310-2003007824;25/04/2020;29/04/2020;EOC;3243;BUENO;INSTALACION
1642;Dicelar;4;E0:67:B3:F2:38:C8;BA1310-2003007825;25/04/2020;29/04/2020;EOC;3256;BUENO;INSTALACION
1643;Dicelar;4;E0:67:B3:F2:38:BE;BA1310-2003007825;25/04/2020;29/04/2020;EOC;3245;BUENO;INSTALACION
1644;Dicelar;4;E0:67:B3:F2:38:B9;BA1310-2003007822;25/04/2020;29/04/2020;EOC;3260;BUENO;INSTALACION
1645;Dicelar;4;E0:67:B3:F2:38:B2;BA1310-2003007820;25/04/2020;29/04/2020;EOC;3272;BUENO;INSTALACION
1646;Dicelar;4;E0:67:B3:F2:38:9B;BA1310-2003007816;25/04/2020;29/04/2020;EOC;3255;BUENO;INSTALACION
1647;Dicelar;4;E0:67:B3:F2:38:AA;BA1310-2003007819;25/04/2020;29/04/2020;EOC;3246;BUENO;INSTALACION
1648;Dicelar;4;E0:67:B3:F2:38:A0;BA1310-2003007817;25/04/2020;29/04/2020;EOC;2733;BUENO;INSTALACION
1649;Dicelar;4;E0:67:B3:F2:38:A5;BA1310-2003007818;25/04/2020;29/04/2020;EOC;3252;BUENO;INSTALACION
1750;Hessam Mansour;4;E0:67:B3:F1:E5:E4;BA1310-2003003581;27/04/2020;29/04/2020;EOC;3253;BUENO;INSTALACION
1751;Hessam Mansour;4;E0:67:B3:F1:E5:E9;BA1310-2003003582;27/04/2020;29/04/2020;EOC;3254;BUENO;INSTALACION
1752;Hessam Mansour;4;E0:67:B3:F1:E5:EE;BA1310-2003003583;27/04/2020;29/04/2020;EOC;3297;BUENO;INSTALACION
1753;Hessam Mansour;4;E0:67:B3:F1:E5:F3;BA1310-2003003584;27/04/2020;29/04/2020;EOC;3248;BUENO;INSTALACION
1754;Hessam Mansour;4;E0:67:B3:F1:E5:F8;BA1310-2003003585;27/04/2020;29/04/2020;EOC;3249;BUENO;INSTALACION
1755;Hessam Mansour;4;E0:67:B3:F1:E5:CB;BA1310-2003003576;27/04/2020;27/05/2020;EOC;3302;BUENO;INSTALACION
1756;Hessam Mansour;4;E0:67:B3:F1:E5:D0;BA1310-2003003577;27/04/2020;29/04/2020;EOC;3251;BUENO;INSTALACION
1757;Hessam Mansour;4;E0:67:B3:F1:E5:D5;BA1310-2003003578;27/04/2020;29/04/2020;EOC;3233;BUENO;INSTALACION
1758;Hessam Mansour;4;E0:67:B3:F1:E5:DA;BA1310-2003003579;27/04/2020;29/04/2020;EOC;3234;BUENO;INSTALACION
1759;Hessam Mansour;4;E0:67:B3:F1:E5:DF;BA1310-2003003580;27/04/2020;29/04/2020;EOC;3235;BUENO;INSTALACION
1760;Hessam Mansour;4;E0:67:B3:F1:E5:FD;BA1310-2003003586;27/04/2020;29/04/2020;EOC;3236;BUENO;INSTALACION
1761;Hessam Mansour;4;E0:67:B3:F1:E5:02;BA1310-2003003587;27/04/2020;29/04/2020;EOC;3238;BUENO;INSTALACION
1762;Hessam Mansour;4;E0:67:B3:F1:E6:07;BA1310-2003003588;27/04/2020;29/04/2020;EOC;2663;BUENO;INSTALACION
1763;Hessam Mansour;4;E0:67:B3:F1:E6:0C;BA1310-2003003589;27/04/2020;29/04/2020;EOC;3239;BUENO;INSTALACION
1764;Hessam Mansour;4;E0:67:B3:F1:E6:11;BA1310-2003003590;27/04/2020;29/04/2020;EOC;3240;BUENO;INSTALACION
1765;Hessam Mansour;4;E0:67:B3:F1:E6:16;BA1310-2003003591;27/04/2020;29/04/2020;EOC;3242;BUENO;INSTALACION
1766;Hessam Mansour;4;E0:67:B3:F1:E6:1B;BA1310-2003003592;27/04/2020;29/04/2020;EOC;3244;BUENO;INSTALACION
1767;Hessam Mansour;4;E0:67:B3:F1:E6:20;BA1310-2003003593;27/04/2020;29/04/2020;EOC;2209;BUENO;INSTALACION
1768;Hessam Mansour;4;E0:67:B3:F1:E6:25;BA1310-2003003594;27/04/2020;29/04/2020;EOC;3250;BUENO;INSTALACION
1769;Hessam Mansour;4;E0:67:B3:F1:E6:2A;BA1310-2003003595;27/04/2020;01/05/2020;;2874;BUENO;INSTALACION
1770;RECOGIDO;4;00:0F:1E:77:A6:D5;280600846231414;;04/05/2020;KYNTYPE;3180;BUENO;INSTALACION
1771;RECOGIDO;4;00:0F:1E:77:6E:78;280400832030607;;05/05/2020;KYNTYPE;3278;BUENO;INSTALACION
1772;RECOGIDO;4;00:0F:1E:76:A9:34;280600846230866;;07/05/2020;KYNTYPE;2958;BUENO;INSTALACION
1773;RECOGIDO;4;00:0F:1E:78:FC:55;280700855231247;;07/05/2020;KYNTYPE;1337;BUENO;INSTALACION
1775;RECOGIDO;4;E0:67:B3:E7:D0:AF;BA1305-1905003551;;07/05/2020;WIFI;3270;BUENO;INSTALACION
1776;Hessam Mansour;4;E0:67:B3:F2:11:40;BA1310-2003005801;08/05/2020;15/05/2020;EOC;3275;BUENO;INSTALACION
1777;Hessam Mansour;4;E0:67:B3:F2:11:45;BA1310-2003005802;08/05/2020;07/05/2020;EOC;3274;BUENO;INSTALACION
1778;Hessam Mansour;4;E0:67:B3:F2:11:4A;BA1310-2003005803;08/05/2020;08/05/2020;EOC;1012;BUENO;INSTALACION
1779;Hessam Mansour;4;E0:67:B3:F2:11:4F;BA1310-2003005804;08/05/2020;08/05/2020;EOC;1624;BUENO;INSTALACION
1780;Hessam Mansour;4;E0:67:B3:F2:11:53;BA1310-2003005805;08/05/2020;08/05/2020;EOC;3171;BUENO;INSTALACION
1781;Hessam Mansour;4;E0:67:B3:F2:11:56;BA1310-2003005805;08/05/2020;12/05/2020;EOC;1310;BUENO;INSTALACION
1782;Hessam Mansour;4;E0:67:B3:F2:11:5E;BA1310-2003005807;08/05/2020;12/05/2020;EOC;909;BUENO;INSTALACION
1783;Hessam Mansour;4;E0:67:B3:F2:11:63;BA1310-2003005808;08/05/2020;02/09/2020;EOC;3465;BUENO;INSTALACION
1784;Hessam Mansour;4;E0:67:B3:F2:11:68;BA1310-2003005809;08/05/2020;02/09/2020;EOC;3303;BUENO;INSTALACION
1785;Hessam Mansour;4;E0:67:B3:F2:11:6D;BA1310-2003005810;08/05/2020;12/05/2020;EOC;1785;BUENO;INSTALACION
1786;Hessam Mansour;4;E0:67:B3:F2:11:72;BA1310-2003005811;08/05/2020;12/05/2020;EOC;3128;BUENO;INSTALACION
1787;Hessam Mansour;4;E0:67:B3:F2:11:77;BA1310-2003005812;08/05/2020;;EOC;;MALO;cable modem da人do 
1788;Hessam Mansour;4;E0:67:B3:F2:11:7C;BA1310-2003005813;08/05/2020;15/05/2020;EOC;2511;BUENO;INSTALACION
1789;Hessam Mansour;4;E0:67:B3:F2:11:81;BA1310-2003005814;08/05/2020;12/05/2020;EOC;3280;BUENO;INSTALACION
1790;Hessam Mansour;4;E0:67:B3:F2:11:86;BA1310-2003005815;08/05/2020;12/05/2020;EOC;2622;BUENO;INSTALACION
1791;Hessam Mansour;4;E0:67:B3:F2:11:27;BA1310-2003005796;08/05/2020;12/05/2020;EOC;3277;BUENO;INSTALACION
1792;Hessam Mansour;4;E0:67:B3:F2:11:2C;BA1310-2003005797;08/05/2020;12/05/2020;EOC;50338;BUENO;INSTALACION
1793;Hessam Mansour;4;E0:67:B3:F2:11:31;BA1310-2003005798;08/05/2020;12/05/2020;EOC;3339;BUENO;INSTALACION
1794;Hessam Mansour;4;E0:67:B3:F2:11:36;BA1310-2003005799;08/05/2020;12/05/2020;EOC;2254;BUENO;INSTALACION
1795;Hessam Mansour;4;E0:67:B3:F2:11:3B;BA1310-2003005800;08/05/2020;12/05/2020;EOC;1778;BUENO;INSTALACION
1857;Hessam Mansour;4;E0:67:B3:F2:03:DF;BA1310-2003005116;15/05/2020;;EOC;3282;BUENO;INSTALACION
1858;Hessam Mansour;4;E0:67:B3:F2:03:E4;BA1310-2003005117;15/05/2020;;EOC;3283;BUENO;INSTALACION
1859;Hessam Mansour;4;E0:67:B3:F2:03:E9;BA1310-2003005118;15/05/2020;;EOC;3284;BUENO;INSTALACION
1860;Hessam Mansour;4;E0:67:B3:F2:03:EE;BA1310-2003005119;15/05/2020;;EOC;3285;BUENO;INSTALACION
1861;Hessam Mansour;4;E0:67:B3:F2:03:F3;BA1310-2003005120;15/05/2020;;EOC;3286;BUENO;INSTALACION
1862;Hessam Mansour;4;E0:67:B3:F2:03:F8;BA1310-2003005121;15/05/2020;;EOC;3287;BUENO;INSTALACION
1863;Hessam Mansour;4;E0:67:B3:F2:03:FD;BA1310-2003005122;15/05/2020;;EOC;3288;BUENO;INSTALACION
1864;Hessam Mansour;4;E0:67:B3:F2:03:0F;BA1310-2003005123;15/05/2020;;EOC;1759;BUENO;INSTALACION
1865;Hessam Mansour;4;E0:67:B3:F2:04:07;BA1310-2003005124;15/05/2020;;EOC;3289;BUENO;INSTALACION
1866;Hessam Mansour;4;E0:67:B3:F2:04:0C;BA1310-2003005125;15/05/2020;;EOC;3290;BUENO;INSTALACION
1867;Hessam Mansour;4;E0:67:B3:F2:04:11;BA1310-2003005126;15/05/2020;;EOC;3291;BUENO;INSTALACION
1868;Hessam Mansour;4;E0:67:B3:F2:04:16;BA1310-2003005127;15/05/2020;;EOC;3292;BUENO;INSTALACION
1869;Hessam Mansour;4;E0:67:B3:F2:04:1B;BA1310-2003005128;15/05/2020;;EOC;3293;BUENO;INSTALACION
1870;Hessam Mansour;4;E0:67:B3:F2:04:20;BA1310-2003005129;15/05/2020;;EOC;3294;BUENO;INSTALACION
1871;Hessam Mansour;4;E0:67:B3:F2:04:25;BA1310-2003005130;15/05/2020;;EOC;2336;BUENO;INSTALACION
1872;Hessam Mansour;4;E0:67:B3:F2:04:2A;BA1310-2003005131;15/05/2020;;EOC;3295;BUENO;INSTALACION
1873;Hessam Mansour;4;E0:67:B3:F2:04:2F;BA1310-2003005132;15/05/2020;;EOC;769;BUENO;INSTALACION
1874;Hessam Mansour;4;E0:67:B3:F2:04:34;BA1310-2003005133;22/05/2020; ;EOC;3296;BUENO;INSTALACION
1875;Hessam Mansour;4;E0:67:B3:F2:04:39;BA1310-2003005134;15/05/2020;27/05/2020;EOC;3304;BUENO;INSTALACION
1876;Hessam Mansour;4;E0:67:B3:F2:04:3E;BA1310-2003005135;15/05/2020;23/05/2020;EOC;3298;BUENO;INSTALACION
1938;RECOGIDO;4;E0:67:B3:ED:53:64;BA1305-1909004638;;26/05/2020;;5041;BUENO;INSTALACION
1939;RECOGIDO;4;E0:67:B3:ED:13:34;BA1305-1909002584;;26/05/2020;;3299;BUENO;INSTALACION
1940;RECOGIDO;4;00:0F:1E:76:A4:8D;280600846231400;;26/05/2020;;2316;BUENO;INSTALACION
1958;RECOGIDO;4;00:0F:1E:78:69:C5;280500840390817;26/05/2020;;;1327;BUENO;INSTALACION
1959;RECOGIDO;4;E0:67:B3:A3:F7:1B;BA1305-1901005880;26/05/2020;;;3300;BUENO;INSTALACION
1960;RECOGIDO;4;00:0F:1E:71:B4:05;271000788130036;27/05/2020;;King Tipe;3313;BUENO;INSTALACION
1961;Hessam Mansour;4;E0:67:B3:F3:22:15;BA1310-2003016489;28/05/2020;;;;MALO;EN BODEGA
2021;RECOGIDO;4;00:0F:1E:73:7D:93;2,71108E+13;02/06/2020;02/06/2020;king Type;974;BUENO;INSTALACION
2022;RECOGIDO;4;7C:87:79:03:EF:09;ES7101-18092480;02/06/2020;03/06/2020;EOC;1447;BUENO;INSTALACION
2023;RECOGIDO;4;E0:67:B3:27:BE:51;BA1305-1803000469;02/06/2020;03/06/2020;EOC;3323;BUENO;INSTALACION
2024;RECOGIDO;4;00:0F:1E:78:FD:F7;280700855231445;02/06/2020;03/06/2020;EOC;3324;BUENO;INSTALACION
2025;Hessam Mansour;4;E0:67:B3:F2:0C:DB;BA1310-2003005576;03/06/2020;08/06/2020;EOC;3326;BUENO;INSTALACION
2026;Hessam Mansour;4;E0.67:B3:F2:0C:E0;BA1310-2003005577;03/06/2020;09/06/2020;EOC;3328;BUENO;INSTALACION
2027;Hessam Mansour;4;E0:67:B3:F2:0C:E5;BA1310-2003005578;03/06/2020;09/06/2020;EOC;1156;BUENO;INSTALACION
2028;Hessam Mansour;4;E0:67:B3:F2:0C:EA;BA1310-2003005579;03/06/2020;09/06/2020;EOC;733;BUENO;CAMBIO DE CABLE MODEM
2029;Hessam Mansour;4;E0:67:B3:F2:0C:EF;BA1310-2003005580;03/06/2020;10/06/2020;EOC;1772;BUENO;INSTALACION
2030;Hessam Mansour;4;E0:67:B3:F2:0C:F4;BA1310-2003005581;03/06/2020;14/09/2020;EOC;3479;BUENO;INSTALACION
2031;Hessam Mansour;4;E0:67:B3:F2:0C:F9;BA1310-2003005582;03/06/2020;10/06/2020;EOC;3329;BUENO;INSTALACION
2032;Hessam Mansour;4;E0:67:B3:F2:0C:FE;BA1310-2003005583;03/06/2020;10/06/2020;EOC;3330;BUENO;INSTALACION
2033;Hessam Mansour;4;E0:67:B3:F2:0D:03;BA1310-2003005584;03/06/2020;10/06/2020;EOC;2674;BUENO;INSTALACION
2034;Hessam Mansour;4;E0:67:B3:F2:0D:08;BA1310-2003005585;03/06/2020;11/06/2020;EOC;3331;BUENO;INSTALACION
2035;Hessam Mansour;4;E0:67:B3:F2:0D:0D;BA1310-2003005586;03/06/2020;12/06/2020;EOC;3334;BUENO;INSTALACION
2036;Hessam Mansour;4;E0:67:B3:F2:0D:12;BA1310-2003005587;03/06/2020;05/08/2020;EOC;2972;BUENO;INSTALACION
2037;Hessam Mansour;4;E0:67:B3:F2:0D:17;BA1310-2003005588;03/06/2020;06/08/2020;EOC;1334;BUENO;INSTALACION
2038;Hessam Mansour;4;E0:67:B3:F2:0D:1C;BA1310-2003005589;03/06/2020;07/08/2020;EOC;3336;BUENO;INSTALACION
2039;Hessam Mansour;4;E0:67:B3:F2:0D:21;BA1310-2003005590;03/06/2020;08/08/2020;EOC;3337;BUENO;INSTALACION
2040;Hessam Mansour;4;E0:67:B3:F2:0D:26;BA1310-2003005591;03/06/2020;09/08/2020;EOC;2346;BUENO;INSTALACION
2041;Hessam Mansour;4;E0:67:B3:F2:0D:2B;BA1310-2003005592;03/06/2020;10/08/2020;EOC;3338;BUENO;INSTALACION
2042;Hessam Mansour;4;E0:67:B3:F2:0D:30;BA1310-2003005593;03/06/2020;11/08/2020;EOC;3022;BUENO;INSTALACION
2043;Hessam Mansour;4;E0:67:B3:F2:0D:35;BA1310-2003005594;03/06/2020;12/08/2020;EOC;3340;BUENO;INSTALACION
2044;Hessam Mansour;4;E0:67:B3:F2:0D:3A;BA1310-2003005595;03/06/2020;13/08/2020;EOC;3341;BUENO;INSTALACION
2065;RECOGIDO;4;E0:67:B3:A1:6C:34;BA1305-1810000480;;05/06/2020;EOC;2264;BUENO;CAMBIO DE CABLE MODEM
2067;RECOGIDO;4;E0:67:B3:2A:76:D1;BA1302-1704001132;;;EOC;;MALO;EN BODEGA
2068;RECOGIDO;4;E0:67:B3:27:BE:A9;BA1305-1803000480;10/06/2020;23/06/2020;EOC;3333;BUENO;INSTALACION
2069;RECOGIDO;4;E0:67:B3:E7:81:84;BA1305-1905001018;10/06/2020;23/06/2020;EOC;3343;BUENO;INSTALACION
2070;RECOGIDO;4;00:0F:1E:77:AE:F5;280600846230832;13/06/2020;13/06/2020;king Type;2599;BUENO;CAMBIO DE CABLE MODEM
2071;RECOGIDO;4;7C:87:79:03:09:71;ES7101-18085133;18/06/2020;14/06/2020;EOC;3342;BUENO;INSTALACION
2072;RECOGIDO;4;E89FEC06AD9C;290100893540602;18/06/2020;18/06/2020;king Type;1049;BUENO;CAMBIO DE CABLE MODEM
2073;RECOGIDO;4;00:0F:1E:76:A5:09;280600846231428;18/06/2020;18/06/2020;king Type;2790;BUENO;CONFIGURACION DE CABLE MODEM
2074;RECOGIDO;4;00:0F:1E:78:FC:45;280700855231268;19/06/2020;19/06/2020;king Type;3343;BUENO;INSTALACION
2075;RECOGIDO;4;E0:67:B3:EE:77:2C;BA1310-1911000297;19/06/2020;19/06/2020;EOC;3144;BUENO;INSTALACION
2076;RECOGIDO;4;E0:67:B3:A3:83:3B;BA1305-1901002172;19/06/2020;19/06/2020;EOC;3344;BUENO;INSTALACION
2077;RECOGIDO;4;00:0F:1E:77:ED:C1;280400832030601;19/06/2020;19/06/2020;king Type;1046;BUENO;INSTALACION
2078;RECOGIDO;4;00:0F:1E:77:64:E8;280400832030613;23/06/2020;23/06/2020;king Type;3278;BUENO;CAMBIO DE CABLE MODEM
2079;RECOGIDO;4;E0:67:B3:F0:FE:C1;BA1306-1912005228;23/06/2020;24/06/2020;EOC;3346;BUENO;INSTALACION
2080;RECOGIDO;4;00:0F:1E:77:A5:61;280600846231415;23/06/2020;24/06/2020;king Type;3347;BUENO;INSTALACION
2081;RECOGIDO;4;00:0F:1E:77:B2:39;280500840390376;23/06/2020;24/06/2020;king Type;3348;BUENO;INSTALACION
2082;RECOGIDO;4;00:0F:1E:73:7C:1D;271100801260168;23/06/2020;25/06/2020;king Type;3160;BUENO;INSTALACION
2083;RECOGIDO;4;E0:67:B3:A3:D8:83;BA1305-1901004901;23/06/2020;25/06/2020;EOC;3304;BUENO;CAMBIO DE CABLE MODEM
2084;Hessam Mansour;4;E0:67:B3:F4:A4:78;BA1310-2004015854;26/06/2020;25/06/2020;EOC;3351;BUENO;INSTALACION
2085;Hessam Mansour;4;E0:67:B3:F4:A4:D2;BA1310-2004015872;26/06/2020;25/06/2020;EOC;3349;BUENO;INSTALACION
2086;Hessam Mansour;4;E0:67:B3:F4:A4:73;BA1310-2004015853;26/06/2020;25/06/2020;EOC;2052;BUENO;INSTALACION
2087;Hessam Mansour;4;E0:67:B3:F4:A4:A5;BA1310-2004015863;26/06/2020;25/06/2020;EOC;50295;BUENO;INSTALACION
2088;Hessam Mansour;4;E0:67:B3:F4:A4:AF;BA1310-2004015865;26/06/2020;25/06/2020;EOC;3350;BUENO;INSTALACION
2089;Hessam Mansour;4;E0:67:B3:F4:A4:B4;BA1310-2004015866;26/06/2020;25/06/2020;EOC;3352;BUENO;INSTALACION
2090;Hessam Mansour;4;E0:67:B3:F4:A4:B9;BA1310-2004015867;26/06/2020;25/06/2020;EOC;3353;BUENO;INSTALACION
2091;Hessam Mansour;4;E0:67:B3:F4:A4:BE;BA1310-2004015868;26/06/2020;25/06/2020;EOC;3492;BUENO;INSTALACION
2092;Hessam Mansour;4;E0:67:B3:F4:A4:C3;BA1310-2004015869;26/06/2020;28/06/2020;EOC;3355;BUENO;INSTALACION
2093;Hessam Mansour;4;E0:67:B3:F4:A4:EB;BA1310-2004015877;26/06/2020;28/06/2020;EOC;3356;BUENO;INSTALACION
2094;Hessam Mansour;4;E0:67:B3:F4:A4:F0;BA1310-2004015878;26/06/2020;28/06/2020;EOC;3357;BUENO;INSTALACION
2095;Hessam Mansour;4;E0:67:B3:F4:A4:F5;BA1310-2004015879;26/06/2020;29/06/2020;EOC;1028;BUENO;CAMBIO DE CABLE MODEM
2096;Hessam Mansour;4;E0:67:B3:F4:A4:AA;BA1310-2004015864;26/06/2020;22/09/2020;EOC;;DA헤DO;NO DA LINK, DA헤DO
2097;Hessam Mansour;4;E0:67:B3:F4:A4:E1;BA1310-2004015875;26/06/2020;29/06/2020;EOC;3346;BUENO;INSTALACION
2098;Hessam Mansour;4;E0:67:B3:F4:A4:FF;BA1310-2004015881;26/06/2020;29/06/2020;EOC;3358;BUENO;INSTALACION
2099;Hessam Mansour;4;E0:67:B3:F4:A5:04;BA1310-2004015882;26/06/2020;29/06/2020;EOC;3359;BUENO;INSTALACION
2100;Hessam Mansour;4;E0:67:B3:F4:A4:D7;BA1310-2004015873;26/06/2020;29/06/2020;EOC;3360;BUENO;INSTALACION
2101;Hessam Mansour;4;E0:67:B3:F4:A4:DC;BA1310-2004015874;26/06/2020;29/06/2020;EOC;3361;BUENO;INSTALACION
2102;Hessam Mansour;4;E0:67:B3:F4:A4:FA;BA1310-2004015880;26/06/2020;29/06/2020;EOC;3382;BUENO;INSTALACION
2103;Hessam Mansour;4;E0:67:B3:EE:C8:9E;BA1310-1911004467;26/06/2020;29/06/2020;EOC;2057;BUENO;iNSTALACION
2104;Hessam Mansour;4;E0:67:B3:F4:A4:E6;BA1310-2004015876;26/06/2020;11/08/2020;EOC;3422;BUENO;INSTALACION
2105;Hessam Mansour;4;00:0F:1E:78:09:21;280500840390360,00;01/07/2020;01/07/2020;king Type;3142;BUENO;CAMBIO DE CABLE MODEM
2106;Hessam Mansour;4;00:0F:1E:F2:A5:16;280500840390792,00;06/07/020;06/07/020;king Type;2493;BUENO;CAMBIO DE CABLE MODEM
2107;Hessam Mansour;4;E8:9F:EC:04:87:1D;281100879530838,00;06/07/020;06/07/020;king Type;3006;BUENO;CAMBIO DE CABLE MODEM
2108;Hessam Mansour;4;00:0F:1E:77:F5:35;280400832030604,00;06/07/020;06/07/020;king Type;3268;BUENO;CAMBIO DE CABLE MODEM
2109;Hessam Mansour;4;7C:87:79:03:EE:F9;ES7101-18092478;;07/07/2020;EOC;3365;BUENO;INSTALACION
2110;Hessam Mansour;4;7C:87:79:03:EE:D1;ES7101-18092473;;07/07/2020;EOC;3359;BUENO;CAMBIO DE CABLE MODEM
2111;Hessam Mansour;4;E0:67:B3:EE:76:F5;BA1310-1911000286;07/07/2020;08/07/2020;EOC;3367;BUENO;INSTALACION
2112;Hessam Mansour;4;E0:67:B3:F1:E5:02;BA1310-2003003587;07/07/2020;08/07/2020;EOC;3368;BUENO;INSTALACION
2113;Hessam Mansour;4;E0:67:B3:F4:B1:43;BA1310-2004016508;07/07/2020;08/07/2020;BEST-COM;50218;BUENO;CAMBIO DE CABLE MODEM
2114;Hessam Mansour;4;E0:67:B3:F4:B1:48;BA1310-2004016509;07/07/2020;08/07/2020;BEST-COM;1624;BUENO;INSTALACION
2115;Hessam Mansour;4;E0:67:B3:F4:B1:4D;BA1310-2004016510;07/07/2020;08/07/2020;BEST-COM;3369;BUENO;INSTALACION
2116;Hessam Mansour;4;E0:67:B3:F4:B1.52;BA1310-2004016511;07/07/2020;08/07/2020;BEST-COM;2142;BUENO;INSTALACION
2117;Hessam Mansour;4;E0:67:B3:F4:B1:57;BA1310-2004016512;07/07/2020;08/07/2020;BEST-COM;3371;BUENO;INSTALACION
2118;Hessam Mansour;4;E0:67:B3:F4:B1:5C;BA1310-2004016513;07/07/2020;08/07/2020;BEST-COM;5270;BUENO;INSTALACION
2119;Hessam Mansour;4;E0:67:B3:F4:B1:61;BA1310-2004016514;07/07/2020;09/07/2020;BEST-COM;2906;BUENO;INSTALACION
2120;Hessam Mansour;4;E0:67:B3:F4:B1:66;BA1310-2004016515;07/07/2020;10/07/2020;BEST-COM;2899;BUENO;INSTALACION
2121;Hessam Mansour;4;E0:67:B3:F4:B1:6B;BA1310-2004016516;07/07/2020;11/07/2020;BEST-COM;3372;BUENO;INSTALACION
2122;Hessam Mansour;4;E0:67:B3:F4:B1:70;BA1310-2004016517;07/07/2020;09/07/2020;BEST-COM;3305;BUENO;CAMBIO DE CABLE MODEM
2123;Hessam Mansour;4;E0:67:B3:F4:B1:75;BA1310-2004016518;07/07/2020;09/07/2020;BEST-COM;3373;BUENO;CAMBIO DE CABLE MODEM
2124;Hessam Mansour;4;E0:67:B3:F4:B1:7A;BA1310-2004016519;07/07/2020;10/07/2020;BEST-COM;3368;BUENO;CAMBIO DE CABLE MODEM
2125;Hessam Mansour;4;E0:67:B3:F4:B1:7F;BA1310-2004016520;07/07/2020;10/10/2020;BEST-COM;;DA헤DO;REVISAR
2126;Hessam Mansour;4;E0:67:B3:F4:B1:84;BA1310-2004016521;07/07/2020;13/07/2020;BEST-COM;3375;BUENO;INSTALACION
2127;Hessam Mansour;4;E0:67:B3:F4:B1:89;BA1310-2004016522;07/07/2020;;BEST-COM;3376;DA헤DO;SE QUEMO LA PARTE DE ATR쳅 
2128;Hessam Mansour;4;E0:67:B3:F4:B1:8E;BA1310-2004016523;07/07/2020;13/07/2020;BEST-COM;3377;BUENO;INSTALACION
2129;Hessam Mansour;4;E0:67:B3:F4:B1:93;BA1310-2004016524;07/07/2020;02/092020;BEST-COM;3464;BUENO;INSTALACION
2130;Hessam Mansour;4;E0:67:B3:F4:B1:98;BA1310-2004016525;07/07/2020;13/07/2020;BEST-COM;3167;BUENO;CAMBIO DE CABLE MODEM
2131;Hessam Mansour;4;E0:67:B3:F4:B1:9D;BA1310-2004016526;07/07/2020;14/07/2020;BEST-COM;3379;BUENO;INSTALACION
2132;Hessam Mansour;4;E0:67:B3:F4:B1:A2;BA1310-2004016527;07/07/2020;15/07/2020;BEST-COM;3381;BUENO;INSTALACION
2133;Hessam Mansour;4;E0:67:B3:EE:76:F5;BA1310-1911000286;11/07/2020;11/07/2020;EOC;2313;BUENO;CAMBIO DE CABLE MODEM
2134;CARLOS LOSANO;4;E0:67:B3:F5:0C:F6;BA1310-2004021203;16/07/2020;20/07/2020;EOC;3383;BUENO;INSTALACION
2135;CARLOS LOSANO;4;E0:67:B3:F5:0C:F1;BA1310-2004021202;16/07/2020;20/07/2020;EOC;3384;BUENO;INSTALACION
2136;CARLOS LOSANO;4;E0:67:B3:F5:0C:DD;BA1310-2004021198;16/07/2020;09/10/2020;EOC;3511;BUENO;INSTALACION
2137;CARLOS LOSANO;4;E0:67:B3:F5:0C:00;BA1310-2004021205;16/07/2020;20/07/2020;EOC;3386;BUENO;INSTALACION
2138;CARLOS LOSANO;4;E0:67:B3:F5:0D:0A;BA1310-2004021207;16/07/2020;20/07/2020;EOC;3387;BUENO;INSTALACION
2139;CARLOS LOSANO;4;E0:67:B3:F5:0C:FB;BA1310-2004021204;16/07/2020;20/07/2020;EOC;2632;BUENO;INSTALACION
2140;CARLOS LOSANO;4;E0:67:B3:F5:0D:05;BA1310-2004021206;16/07/2020;20/07/2020;EOC;3388;BUENO;INSTALACION
2141;CARLOS LOSANO;4;E0:67:B3:F5:0C:EC;BA1310-2004021201;16/07/2020;20/07/2020;EOC;3389;BUENO;INSTALACION
2142;CARLOS LOSANO;4;E0:67:B3:F5:0C:E7;BA1310-2004021200;16/07/2020;20/07/2020;EOC;3039;BUENO;INSTALACION
2143;CARLOS LOSANO;4;E0:67:B3:F5:0C:E2;BA1310-2004021199;16/07/2020;26/09/2020;EOC;3354;BUENO;CAMBIO DE CABLE MODEM
2144;CARLOS LOSANO;4;E0:67:B3:F5:0C:D8;BA1310-2004021197;16/07/2020;21/07/2020;EOC;3386;BUENO;CAMBIO DE CABLE MODEM
2145;CARLOS LOSANO;4;E0:67:B3:F5:0C:D3;BA1310-2004021196;16/07/2020;21/07/2020;EOC;2622;BUENO;CAMBIO DE CABLE MODEM
2146;CARLOS LOSANO;4;E0:67:B3:F5:0C:C9;BA1310-2004021194;16/07/2020;22/07/2020;EOC;877;BUENO;CAMBIO DE CABLE MODEM
2147;CARLOS LOSANO;4;E0:67:B3:F5:0C:CE;BA1310-2004021195;16/07/2020;23/07/2020;EOC;3394;BUENO;INSTALACION
2148;CARLOS LOSANO;4;E0:67:B3:F5:0C:C4;BA1310-2004021193;16/07/2020;;EOC;;MALO;DA헤DO
2149;CARLOS LOSANO;4;E0:67:B3:F5:0C:AB;BA1310-2004021188;16/07/2020;27/07/2020;EOC;224;BUENO;INSTALACION
2150;CARLOS LOSANO;4;E0:67:B3:F5:0C:B0;BA1310-2004021189;16/07/2020;27/07/2020;EOC;3397;BUENO;INSTALACION
2151;CARLOS LOSANO;4;E0:67:B3:F5:0C:B5;BA1310-2004021190;16/07/2020;27/07/2020;EOC;3399;BUENO;INSTALACION
2152;CARLOS LOSANO;4;E0:67:B3:F5:0C:BA;BA1310-2004021191;16/07/2020;27/07/2020;EOC;3398;BUENO;INSTALACION
2153;CARLOS LOSANO;4;E0:67:B3:F5:0C:BF;BA1310-2004021192;16/07/2020;27/07/2020;EOC;3400;BUENO;INSTALACION
2276;CARLOS LOSANO;4;E0:67:B3:F4:D8:F3;BA1310-2004018540;28/07/2020;29/07/2020;EOC;2596;BUENO;INSTALACION
2277;CARLOS LOSANO;4;E0:67:B3:F4:D8:F8;BA1310-2004018541;28/07/2020;29/07/2020;EOC;2462;BUENO;INSTALACION
2278;CARLOS LOSANO;4;E0:67:B3:F4:D8:FD;BA1310-2004018542;28/07/2020;29/07/2020;EOC;3198;BUENO;INSTALACION
2279;CARLOS LOSANO;4;E0:67:B3:F4:D8:D5;BA1310-2004018534;28/07/2020;01/08/2020;EOC;3410;BUENO;INSTALACION
2280;CARLOS LOSANO;4;E0:67:B3:F4:D9:07;BA1310-2004018544;28/07/2020;29/07/2020;EOC;3402;BUENO;INSTALACION
2281;CARLOS LOSANO;4;E0:67:B3:F4:D9:0C;BA1310-2004018545;28/07/2020;30/07/2020;EOC;1086;BUENO;INSTALACION
2282;CARLOS LOSANO;4;E0:67:B3:F4:D9:16;BA1310-2004018543;28/07/2020;29/07/2020;EOC;3106;BUENO;INSTALACION
2283;CARLOS LOSANO;4;E0:67:B3:F4:D8:BC;BA1310-2004018529;28/07/2020;31/07/2020;EOC;3401;BUENO;INSTALACION
2284;CARLOS LOSANO;4;E0:67:B3:F4:D9:11;BA1310-2004018546;28/07/2020;31/07/2020;EOC;3403;BUENO;INSTALACION
2285;CARLOS LOSANO;4;E0:67:B3:F4:D8:E4;BA1310-2004018537;28/07/2020;31/07/2020;EOC;3404;BUENO;INSTALACION
2286;CARLOS LOSANO;4;E0:67:B3:F4:D8:B7;BA1310-2004018528;28/07/2020;31/07/2020;EOC;3405;BUENO;INSTALACION
2287;CARLOS LOSANO;4;E0:67:B3:F4:D8:DA;BA1310-2004018535;28/07/2020;01/08/2020;EOC;3407;BUENO;INSTALACION
2288;CARLOS LOSANO;4;E0:67:B3:F4:D8:E9;BA1310-2004018538;28/07/2020;01/08/2020;EOC;3408;BUENO;INSTALACION
2289;CARLOS LOSANO;4;E0:67:B3:F4:D8:EE;BA1310-2004018539;28/07/2020;03/20/2020;EOC;2742;BUENO;CAMBIO DE CABLE MODEM
2290;CARLOS LOSANO;4;E0:67:B3:F4:D8:DF;BA1310-2004018536;28/07/2020;05/08/2020;EOC;3411;BUENO;INSTALACION
2291;CARLOS LOSANO;4;E0:67:B3:F4:D8:C6;BA1310-2004018531;28/07/2020;06/08/2020;EOC;1567;BUENO;INSTALACION
2292;CARLOS LOSANO;4;E0:67:B3:F4:D8:D0;BA1310-2004018533;28/07/2020;06/08/2020;EOC;35;BUENO;INSTALACION
2293;CARLOS LOSANO;4;E0:67:B3:F4:D8:02;BA1310-2004018543;28/07/2020;16/09/2020;EOC;3482;BUENO;INSTALACION
2294;CARLOS LOSANO;4;E0:67:B3:F4:D8:CB;BA1310-2004018532;28/07/2020;23/09/2020;EOC;3047;BUENO;INSTALACION
2295;CARLOS LOSANO;4;E0:67:B3:F4:D8:C1;BA1310-2004018530;28/07/2020;10/08/2020;EOC;3415;BUENO;INSTALACION
2296;RECOGIDO;4;E0:67:B3:A3:F6:FB;BA1305-1901005876;;03/08/2020;EOC;2685;BUENO;CAMBIO DE CABLE MODEM
2297;RECOGIDO;4;E0:67:B3:2A:83:B7;BA1302-1704002561;;08/08/2020;EOC;3237;BUENO;CAMBIO DE CABLE MODEM
2298;RECOGIDO;4;7C:87:79:03:64:39;ES7101-18088038;;10/08/2020;EOC;3414;BUENO;INSTALACION
2299;RECOGIDO;4;E0:67:B3:A3:83:08;BA1305-1901002166;10/08/2020;11/08/2020;EOC;3417;BUENO;INSTALACION
2300;RECOGIDO;4;00:0F:1E:77:B7:5C;280500840390194;10/08/2020;11/08/2020;EOC;3418;BUENO;INSTALACION
2301;RECOGIDO;4;00:0F:1E:77:B2:0C;280500840390163;10/08/2020;11/08/2020;EOC;3416;BUENO;INSTALACION
2302;RECOGIDO;4;00:0F:1E:77:B6:0C;280500840390838;10/08/2020;07/10/2020;EOC;3507;BUENO;INSTALACION
2303;RECOGIDO;4;E0:67:B3:E7:E2:3C;BA1305-1905004113;10/08/2020;11/08/2020;EOC;3420;BUENO;INSTALACION
2304;RECOGIDO;4;00:0F:1E:F3:1D:06;280600846231417;10/08/2020;12/08/2020;EOC;339;BUENO;INSTALACION
2305;CARLOS LOSANO;4;E0:67:B3:F4:EC:12;BA1310-2004019519;12/08/2020;13/08/2020;EOC;3423;BUENO;INSTALACION
2306;CARLOS LOSANO;4;E0:67:B3:F4:EC:0D;BA1310-2004019518;12/08/2020;13/08/2020;EOC;996;BUENO;INSTALACION
2307;CARLOS LOSANO;4;E0:67:B3:F4:EC:26;BA1310-2004019523;12/08/2020;13/08/2020;EOC;3424;BUENO;INSTALACION
2308;CARLOS LOSANO;4;E0:67:B3:F4:EC:2B;BA1310-2004019524;12/08/2020;13/08/2020;EOC;3425;BUENO;INSTALACION
2309;CARLOS LOSANO;4;E0:67:B3:F4:EC:30;BA1310-2004019525;12/08/2020;15/08/2020;EOC;3485;BUENO;INSTALACION
2310;CARLOS LOSANO;4;E0:67:B3:F4:EC:1C;BA1310-2004019521;12/08/2020;15/08/2020;EOC;3237;BUENO;CAMBIO DE CABLE MODEM
2311;CARLOS LOSANO;4;E0:67:B3:F4:EC:21;BA1310-2004019522;12/08/2020;15/08/2020;EOC;3427;BUENO;INSTALACION
2312;CARLOS LOSANO;4;E0:67:B3:F4:EC:17;BA1310-2004019520;12/08/2020;15/08/2020;EOC;3428;BUENO;INSTALACION
2313;CARLOS LOSANO;4;E0:67:B3:F4:EC:35;BA1310-2004019526;12/08/2020;15/08/2020;EOC;3429;BUENO;INSTALACION
2314;CARLOS LOSANO;4;E0:67:B3:F4:EC:3A;BA1310-2004019527;12/08/2020;15/08/2020;EOC;3430;BUENO;INSTALACION
2315;CARLOS LOSANO;4;E0:67:B3:F4:EB:DB;BA1310-2004019508;12/08/2020;15/08/2020;EOC;3432;BUENO;INSTALACION
2316;CARLOS LOSANO;4;E0:67:B3:F4:EB:E0;BA1310-2004019509;12/08/2020;15/08/2020;EOC;3433;BUENO;INSTALACION
2317;CARLOS LOSANO;4;E0:67:B3:F4:EB:E5;BA1310-2004019510;12/08/2020;15/08/2020;EOC;2545;BUENO;INSTALACION
2318;CARLOS LOSANO;4;E0:67:B3:F4:EB:EA;BA1310-2004019511;12/08/2020;15/08/2020;EOC;3435;BUENO;INSTALACION
2319;CARLOS LOSANO;4;E0:67:B3:F4:EB:EF;BA1310-2004019512;12/08/2020;15/08/2020;EOC;3443;BUENO;INSTALACION
2320;CARLOS LOSANO;4;E0:67:B3:F4:EB:F4;BA1310-2004019513;12/08/2020;15/08/2020;EOC;3436;BUENO;INSTALACION
2321;CARLOS LOSANO;4;E0:67:B3:F4:EB:F9;BA1310-2004019514;12/08/2020;15/08/2020;EOC;1111;BUENO;INSTALACION
2322;CARLOS LOSANO;4;E0:67:B3:F4:EB:FE;BA1310-2004019515;12/08/2020;15/08/2020;EOC;3439;BUENO;INSTALACION
2323;CARLOS LOSANO;4;E0:67:B3:F4:EC:03;BA1310-2004019516;12/08/2020;15/08/2020;EOC;3438;BUENO;INSTALACION
2324;CARLOS LOSANO;4;E0:67:B3:F4:EC:08;BA1310-2004019517;12/08/2020;15/08/2020;EOC;1057;BUENO;INSTALACION
2345;CARLOS LOSANO;4;E0:67:B3:F4:BF:9E;BA1310-2004017243;24/08/2020;24/08/2020;EOC;3441;BUENO;INSTALACION
2346;CARLOS LOSANO;4;E0:67:B3:F4:BF:99;BA1310-2004017242;24/08/2020;24/08/2020;EOC;3447;BUENO;INSTALACION
2347;CARLOS LOSANO;4;E0:67:B3:F4:BF:94;BA1310-2004017241;24/08/2020;24/08/2020;EOC;3446;BUENO;INSTALACION
2348;CARLOS LOSANO;4;E0:67:B3:F4:BF:8A;BA1310-2004017239;24/08/2020;25/08/2020;EOC;3448;BUENO;INSTALACION
2349;CARLOS LOSANO;4;E0:67:B3:F4:BF:85;BA1310-2004017238;24/08/2020;25/08/2020;EOC;3450;BUENO;INSTALACION
2350;CARLOS LOSANO;4;E0:67:B3:F4:BF:A3;BA1310-2004017244;24/08/2020;25/08/2020;EOC;3451;BUENO;INSTALACION
2351;CARLOS LOSANO;4;E0:67:B3:F4:BF:A8;BA1310-2004017245;24/08/2020;25/08/2020;EOC;3449;BUENO;INSTALACION
2352;CARLOS LOSANO;4;E0:67:B3:F4:BF:AD;BA1310-2004017246;24/08/2020;25/08/2020;EOC;3412;BUENO;CAMBIO DE CABLE MODEM
2353;CARLOS LOSANO;4;E0:67:B3:F4:BF:B2;BA1310-2004017247;24/08/2020;27/08/2020;EOC;3455;BUENO;INSTALACION
2354;CARLOS LOSANO;4;E0:67:B3:F4:BF:8F;BA1310-2004017240;24/08/2020;27/08/2020;EOC;3456;BUENO;INSTALACION
2355;CARLOS LOSANO;4;E0:67:B3:F4:BF:80;BA1310-2004017237;24/08/2020;27/08/2020;EOC;3453;BUENO;INSTALACION
2356;CARLOS LOSANO;4;E0:67:B3:F4:BF:62;BA1310-2004017231;24/08/2020;27/08/2020;EOC;3454;BUENO;INSTALACION
2357;CARLOS LOSANO;4;E0:67:B3:F4:BF:76;BA1310-2004017235;24/08/2020;28/08/2020;EOC;3457;BUENO;INSTALACION
2358;CARLOS LOSANO;4;E0:67:B3:F4:BF:7B;BA1310-2004017236;24/08/2020;28/08/2020;EOC;3459;BUENO;INSTALACION
2359;CARLOS LOSANO;4;E0:67:B3:F4:BF:67;BA1310-2004017232;24/08/2020;31/08/2020;EOC;3460;BUENO;INSTALACION
2360;CARLOS LOSANO;4;E0:67:B3:F4:BF:5A;BA1310-2004017230;24/08/2020;04/08/2020;EOC;3466;BUENO;INSTALACION
2361;CARLOS LOSANO;4;E0:67:B3:F4:BF:53;BA1310-2004017228;24/08/2020;31/08/2020;EOC;3276;BUENO;INSTALACION
2362;CARLOS LOSANO;4;E0:67:B3:F4:BF:58;BA1310-2004017229;24/08/2020;31/08/2020;EOC;3463;BUENO;INSTALACION
2363;CARLOS LOSANO;4;E0:67:B3:F4:BF:71;BA1310-2004017234;24/08/2020;01/09/2020;EOC;3440;BUENO;iNSTALACION
2364;CARLOS LOSANO;4;E0:67:B3:F4:BF:6C;BA1310-2004017233;24/08/2020;01/09/2020;EOC;3461;BUENO;iNSTALACION
2405;RECOGIDO;4;E8:9F:EC:09:85:2D;290400910641285;;31/08/2020;KINTYPE;3462;BUENO;INSTALACION
2406;RECOGIDO;4;00:0F:1E:77:AF:29;280600846230838;;03/09/2020;KINTYPE;2452;BUENO;CAMBIO DE CABLE MODEM
2407;CARLOS LOSANO;4;E0:67:B3:F4:BF:5D;BA1310-2004017394;03/09/2020;03/09/2020;EOC;3466;BUENO;INSTALACION
2408;CARLOS LOSANO;4;E0:67:B3:F4:C2:8C;BA1310-2004017393;03/09/2020;03/09/2020;EOC;3467;BUENO;INSTALACION
2409;CARLOS LOSANO;4;E0:67:B3:F4:C2:87;BA1310-2004017392;03/09/2020;03/09/2020;EOC;3469;BUENO;INSTALACION
2410;CARLOS LOSANO;4;E0:67:B3:F4:C2:78;BA1310-2004017389;03/09/2020;3/092020;EOC;3043;BUENO;INSTALACION
2411;CARLOS LOSANO;4;E0:67:B3:F4:C2:82;BA1310-2004017391;03/09/2020;05/09/2020;EOC;3470;BUENO;INSTALACION
2412;CARLOS LOSANO;4;E0:67:B3:F4:C2:9B;BA1310-2004017396;03/09/2020;08/09/2020;EOC;;BUENO;INSTALACION
2412;CARLOS LOSANO;4;E0:67:B3:F4:C2:9B;BA1310-2004017396;;12/09/2020;;156;BUENO;INSTALACION ORIGINAL
2413;CARLOS LOSANO;4;E0:67:B3:F4:C2:7D;BA1310-2004017390;03/09/2020;08/09/2020;EOC;3100;BUENO;INSTALACION
2414;CARLOS LOSANO;4;E0:67:B3:F4:C2:B9;BA1310-2004017402;03/09/2020;10/09/2020;EOC;3471;BUENO;INSTALACION
2415;CARLOS LOSANO;4;E0:67:B3:F4:C2:96;BA1310-2004017395;03/09/2020;08/10/2020;EOC;3508;BUENO;INSTALACION
2416;CARLOS LOSANO;4;E0:67:B3:F4:C2:A0;BA1310-2004017397;03/09/2020;11/09/2020;EOC;3477;BUENO;INSTALACION
2417;CARLOS LOSANO;4;E0:67:B3:F4:C2:D2;BA1310-2004017407;03/09/2020;11/09/2020;EOC;3474;BUENO;INSTALACION
2418;CARLOS LOSANO;4;E0:67:B3:F4:C2:BE;BA1310-2004017403;03/09/2020;11/09/2020;EOC;3475;BUENO;INSTALACION
2419;CARLOS LOSANO;4;E0:67:B3:F4:C2:CD;BA1310-2004017406;03/09/2020;11/09/2020;EOC;3476;BUENO;INSTALACION
2420;CARLOS LOSANO;4;E0:67:B3:F4:C2:C8;BA1310-2004017405;03/09/2020;;EOC;;BUENO;EN BODEGA
2421;CARLOS LOSANO;4;E0:67:B3:F4:C2:C3;BA1310-2004017404;03/09/2020;12/09/2020;EOC;1083;BUENO;INSTALACION
2422;CARLOS LOSANO;4;E0:67:B3:F4:C2:73;BA1310-2004017388;03/09/2020;14/09/2020;EOC;1899;BUENO;CAMBIO DE CABLE MODEM
2423;CARLOS LOSANO;4;E0:67:B3:F4:C2:AF;BA1310-2004017400;03/09/2020;15/09/2020;EOC;3437;BUENO;INSTALACION
2424;CARLOS LOSANO;4;E0:67:B3:F4:C2:A5;BA1310-2004017398;03/09/2020;16/09/2020;EOC;3480;BUENO;INSTALACION
2425;CARLOS LOSANO;4;E0:67:B3:F4:C2:AA;BA1310-2004017399;03/09/2020;16/09/2020;EOC;3481;BUENO;INSTALACION
2426;CARLOS LOSANO;4;E0:67:B3:F4:C2:B4;BA1310-2004017401;03/09/2020;17/09/2020;EOC;3484;BUENO;INSTALACION
2427;RECOGIDO;4;7C:87:79:04:33:B3;ES7101-18094679;;04/09/2020;EOC;969;BUENO;CAMBIO DE CABLE MODEM
2448;RECOGIDO;4;E0:67:B3:A1:6B:A4;BA1305-1810000462;16/09/2020;17/09/2020;EOC;1868;BUENO;INSTALACION
2470;RECOGIDO;4;E0:67:B3:A3:D8:4B;BA1305-1901004894;22/09/2020;22/09/2020;EOC;3486;BUENO;INSTALACION
2471;CARLOS LOSANO;4;E0:67:B3:EF:F3:4A;BA1305-1911010319;24/09/2020;25/09/2020;EOC;3487;BUENO;INSTALACION
2472;CARLOS LOSANO;4;E0:67:B3:EF:F3:90;BA1305-1911010333;24/09/2020;25/09/2020;EOC;3489;BUENO;INSTALACION
2473;CARLOS LOSANO;4;E0:67:B3:EF:F3:72;BA1305-1911010327;24/09/2020;25/09/2020;EOC;1149;BUENO;INSTALACION
2474;CARLOS LOSANO;4;E0:67:B3:EF:F3:68;BA1305-1911010325;24/09/2020;25/09/2020;EOC;3490;BUENO;INSTALACION
2475;CARLOS LOSANO;4;E0:67:B3:EF:F3:5E;BA1305-1911010323;24/09/2020;25/09/2020;EOC;2323;BUENO;INSTALACION
2476;CARLOS LOSANO;4;E0:67:B3:EF:F3:9A;BA1305-1911010335;24/09/2020;26/09/2020;EOC;3491;BUENO;INSTALACION
2477;CARLOS LOSANO;4;E0:67:B3:EF:F3:77;BA1305-1911010328;24/09/2020;28/09/2020;EOC;1251;BUENO;CAMBIO DE CABLE MODEM
2478;CARLOS LOSANO;4;E0:67:B3:EF:F3:4F;BA1305-1911010320;24/09/2020;28/09/2020;EOC;957;BUENO;CAMBIO DE CABLE MODEM
2479;CARLOS LOSANO;4;E0:67:B3:EF:F3:54;BA1305-1911010321;24/09/2020;30/09/2020;EOC;1246;BUENO;INSTALACION
2480;CARLOS LOSANO;4;E0:67:B3:EF:F3:59;BA1305-1911010322;24/09/2020;30/09/2020;EOC;3493;BUENO;INSTALACION
2481;CARLOS LOSANO;4;E0:67:B3:EF:F3:9F;BA1305-1911010336;24/09/2020;01/10/2020;EOC;3494;BUENO;INSTALACION
2482;CARLOS LOSANO;4;E0:67:B3:EF:F3:63;BA1305-1911010324;24/09/2020;01/10/2020;EOC;3495;BUENO;INSTALACION
2483;CARLOS LOSANO;4;E0:67:B3:EF:F3:86;BA1305-1911010331;24/09/2020;02/10/2020;EOC;3496;BUENO;INSTALACION
2484;CARLOS LOSANO;4;E0:67:B3:EF:F3:6D;BA1305-1911010326;24/09/2020;02/10/2020;EOC;3497;BUENO;INSTALACION
2485;CARLOS LOSANO;4;E0:67:B3:EF:F3:45;BA1305-1911010318;24/09/2020;02/10/2020;EOC;3498;BUENO;INSTALACION
2486;CARLOS LOSANO;4;E0:67:B3:EF:F3:81;BA1305-1911010330;24/09/2020;02/10/2020;EOC;3499;BUENO;INSTALACION
2487;CARLOS LOSANO;4;E0:67:B3:EF:F3:8B;BA1305-1911010332;24/09/2020;02/10/2020;EOC;3500;BUENO;INSTALACION
2488;CARLOS LOSANO;4;E0:67:B3:EF:F3:A4;BA1305-1911010337;24/09/2020;02/10/2020;EOC;3502;BUENO;INSTALACION
2489;CARLOS LOSANO;4;E0:67:B3:EF:F3:95;BA1305-1911010334;24/09/2020;05/10/2020;EOC;3503;BUENO;INSTALACION
2490;CARLOS LOSANO;4;E0:67:B3:EF:F3:7C;BA1305-1911010329;24/09/2020;05/10/2020;EOC;3504;BUENO;INSTALACION
2533;CARLOS LOSANO;4;E0:E8:E6:24:91:75;BA1310-2007005677;08/10/2020;14/10/2020;EOC;3515;BUENO;subida
2534;CARLOS LOSANO;4;E0:E8:E6:24:91:70;BA1310-2007005676;08/10/2020;14/10/2020;EOC;3513;BUENO;subida
2535;CARLOS LOSANO;4;E0:E8:E6:24:91:7A;BA1310-2007005678;08/10/2020;14/10/2020;EOC;3514;BUENO;subida
2536;CARLOS LOSANO;4;E0:E8:E6:24:91:7F;BA1310-2007005679;08/10/2020;14/10/2020;EOC;3516;BUENO;subida
2537;CARLOS LOSANO;4;E0:E8:E6:24:91:84;BA1310-2007005680;08/10/2020;16/10/2020;EOC;3519;BUENO;subida
2538;CARLOS LOSANO;4;E0:E8:E6:24:91:61;BA1310-2007005673;08/10/2020;19/10/2020;EOC;3521;BUENO;subida
2539;CARLOS LOSANO;4;E0:E8:E6:24:91:7B;BA1310-2007005675;08/10/2020;19/10/2020;EOC;3522;BUENO;subida
2540;CARLOS LOSANO;4;E0:E8:E6:24:91:66;BA1310-2007005674;08/10/2020;17/10/2020;EOC;3085;BUENO;CAMBIO DE CABLE MODEM
2541;CARLOS LOSANO;4;E0:E8:E6:24:91:6C;BA1310-2007005672;08/10/2020;20/10/2020;EOC;3478;BUENO;CAMBIO DE CABLE MODEM
2542;CARLOS LOSANO;4;E0:E8:E6:24:91:57;BA1310-2007005671;08/10/2020;;EOC;1;BUENO;EN BODEGA
2543;CARLOS LOSANO;4;E0:E8:E6:24:91:39;BA1310-2007005665;08/10/2020;;EOC;1;BUENO;EN BODEGA
2544;CARLOS LOSANO;4;E0:E8:E6:24:91:48;BA1310-2007005668;08/10/2020;;EOC;1;BUENO;EN BODEGA
2545;CARLOS LOSANO;4;E0:E8:E6:24:91:3E;BA1310-2007005666;08/10/2020;;EOC;1;BUENO;EN BODEGA
2546;CARLOS LOSANO;4;E0:E8:E6:24:91:52;BA1310-2007005670;08/10/2020;;EOC;1;BUENO;EN BODEGA
2547;CARLOS LOSANO;4;E0:E8:E6:24:91:25;BA1310-2007005661;08/10/2020;;EOC;1;BUENO;EN BODEGA
2548;CARLOS LOSANO;4;E0:E8:E6:24:91:43;BA1310-2007005667;08/10/2020;;EOC;1;BUENO;EN BODEGA
2549;CARLOS LOSANO;4;E0:E8:E6:24:91:2F;BA1310-2007005663;08/10/2020;;EOC;1;BUENO;EN BODEGA
2550;CARLOS LOSANO;4;E0:E8:E6:24:91:34;BA1310-2007005664;08/10/2020;;EOC;1;BUENO;EN BODEGA
2551;CARLOS LOSANO;4;E0:E8:E6:24:91:3A;BA1310-2007005662;08/10/2020;;EOC;1;BUENO;EN BODEGA
2552;;4;;;;;EOC;1;BUENO;EN BODEGA
